symbol,trending_rank,formation_mentions,formation_coverage,formation_median_mentions,excluded,binance_usdt,binance_full_history,eligible,selected
BTC,1,50043,1.0,1434.5,False,True,True,True,True
ETH,2,5372,1.0,167.5,False,True,True,True,True
LTC,3,952,1.0,30.0,False,True,True,True,True
XMR,4,1315,1.0,40.5,False,False,False,False,False
XRP,5,1232,1.0,35.5,False,True,True,True,True
SOL,6,2392,1.0,73.5,False,True,True,True,True
DOGE,7,1583,1.0,50.5,False,True,True,True,True
ALGO,8,411,1.0,11.0,False,True,True,True,True
XNO,9,313,0.833,5.0,False,True,True,True,True
BCH,10,476,0.967,13.0,False,True,True,True,True
ADA,11,1243,1.0,28.0,False,True,True,True,True
UNI,12,257,1.0,8.0,False,True,True,True,True
HYPE,13,342,1.0,8.5,False,True,False,False,False
MANTRA,14,71,0.6,1.0,False,True,True,False,False
NSFW,15,187,0.2,0.0,False,False,False,False,False
JUP,16,206,1.0,6.5,False,True,True,True,True
AAVE,17,249,1.0,6.0,False,True,True,True,True
ZEC,18,102,0.767,3.0,False,True,True,False,False
SFP,19,60,0.333,0.0,False,True,True,False,False
SPCX,20,75,0.6,1.0,False,False,False,False,False
ARB,21,142,0.967,4.5,False,True,True,True,True
DOT,22,231,1.0,5.5,False,True,True,True,True
KAS,23,69,0.667,1.5,False,False,False,False,False
HBAR,24,225,0.9,5.0,False,True,True,True,True
1INCH,25,62,0.733,1.5,False,True,True,False,False
RAY,26,50,0.733,1.0,False,True,True,False,False
LINK,27,202,0.967,4.5,False,True,True,True,True
MORPHO,28,115,0.9,3.0,False,True,True,True,True
ONDO,29,56,0.733,2.0,False,True,True,False,False
XLM,30,128,0.967,3.0,False,True,True,True,True
BNB,31,104,0.9,3.0,False,True,True,True,True
FET,32,12,0.167,0.0,False,True,True,False,False
DEFI,33,34,0.433,0.0,False,False,False,False,False
NEXO,34,168,0.933,3.0,False,True,True,True,True
TWT,35,188,0.933,4.0,False,True,True,True,True
KMNO,36,39,0.733,1.0,False,True,True,False,False
TRX,37,117,0.833,3.0,False,True,True,True,True
JTO,38,38,0.633,1.0,False,True,True,False,False
SHIB,39,66,0.567,1.0,False,True,True,False,False
RAIL,40,35,0.533,1.0,False,False,False,False,False
DIAMOND,41,103,0.733,2.0,False,False,False,False,False
CRM,42,8,0.067,0.0,False,False,False,False,False
BIS,43,9,0.067,0.0,False,False,False,False,False
IMX,44,96,0.867,3.0,False,True,True,True,True
PEPE,45,43,0.667,1.0,False,True,True,False,False
MELANIA,46,51,0.5,0.5,False,False,False,False,False
SUI,47,57,0.667,1.0,False,True,True,False,False
FLR,48,135,0.5,0.5,False,False,False,False,False
PENDLE,49,103,0.8,3.0,False,True,True,True,True
ICP,50,57,0.7,2.0,False,True,True,False,False
GNO,51,60,0.633,1.0,False,True,True,False,False
PUMP,52,34,0.533,1.0,False,True,True,False,False
ASTER,53,68,0.567,1.0,False,True,True,False,False
QANX,54,7,0.133,0.0,False,False,False,False,False
XVS,55,10,0.133,0.0,False,True,True,False,False
HTX,56,21,0.367,0.0,False,False,False,False,False
NXT,57,4,0.067,0.0,False,False,False,False,False
PYUSD,58,16,0.267,0.0,False,False,False,False,False
LINEA,59,56,0.2,0.0,False,True,True,False,False
MEGA,60,81,0.667,2.0,False,True,True,False,False
HTF,61,5,0.067,0.0,False,False,False,False,False
ANSEM,62,38,0.5,0.5,False,False,False,False,False
TRT,63,12,0.167,0.0,False,False,False,False,False
ZEPH,64,4,0.067,0.0,False,False,False,False,False
GLM,65,10,0.133,0.0,False,True,True,False,False
KTA,66,15,0.167,0.0,False,False,False,False,False
KCS,67,50,0.6,1.0,False,False,False,False,False
VET,68,22,0.433,0.0,False,True,True,False,False
AVAX,69,44,0.633,1.0,False,True,True,False,False
SKR,70,16,0.233,0.0,False,False,False,False,False
STRK,71,17,0.333,0.0,False,True,True,False,False
STUPID,72,6,0.067,0.0,False,False,False,False,False
TAO,73,138,0.867,2.0,False,True,True,False,False
ZERO,74,53,0.8,1.0,False,False,False,False,False
RUNE,75,74,0.8,2.0,False,True,True,False,False
LAB,76,7,0.133,0.0,False,False,False,False,False
QRL,77,25,0.533,1.0,False,False,False,False,False
APT,78,18,0.367,0.0,False,True,True,False,False
STRC,79,39,0.333,0.0,False,False,False,False,False
DBR,80,54,0.633,1.0,False,False,False,False,False
STX,81,42,0.567,1.0,False,True,True,False,False
DGB,82,22,0.433,0.0,False,True,True,False,False
DYDX,83,27,0.467,0.0,False,True,True,False,False
GMX,84,45,0.7,1.0,False,True,True,False,False
QQQ,85,31,0.4,0.0,False,False,False,False,False
LUNA,86,48,0.667,1.0,False,True,True,False,False
RLUSD,87,22,0.4,0.0,True,True,True,False,False
USDE,88,15,0.333,0.0,True,True,True,False,False
PAXG,89,22,0.433,0.0,True,True,True,False,False
WETH,90,31,0.533,1.0,True,False,False,False,False
OS,91,43,0.267,0.0,False,False,False,False,False
DAI,92,39,0.533,1.0,True,False,False,False,False
PENGU,93,13,0.233,0.0,False,True,True,False,False
CEL,94,7,0.1,0.0,False,False,False,False,False
ARKM,95,19,0.3,0.0,False,True,True,False,False
DUAL,96,31,0.433,0.0,False,False,False,False,False
KEY,97,7,0.2,0.0,False,False,False,False,False
FARTCOIN,98,29,0.467,0.0,False,False,False,False,False
AERO,99,7,0.2,0.0,False,True,False,False,False
KENDU,100,1,0.033,0.0,False,False,False,False,False
