date,pick,pick_tier,pick_score,pool_size,pool,gated,n_gated,weekday,n,IC,pick_pctl,hit_top1,mom_pick,mom_pctl,mom_hit_top1,rand_hit_top1,IC_crypto,IC_attention_shift,IC_activity_shift,IC_money_flow,IC_money_stock,IC_market_move,IC_sentiment_shift,weekend
2026-08-04,ETH,T2,0.5800000000000001,6,ETH SOL NDX SPX BTC XRP,DOGE:G2 DJI:G3,2,1,6,-0.08571428571428573,1.0,1.0,SPX,0.0,0.0,0.16666666666666666,-0.19999999999999998,-0.08571428571428573,-0.7142857142857143,0.48571428571428577,0.6,-0.46381682852195877,-0.3714285714285715,False
2026-08-05,SPX,T3,0.6321,6,SPX NDX BTC SOL XRP DOGE,ETH:G4 DJI:G3,2,2,6,-0.6,0.0,0.0,BTC,0.4,0.0,0.16666666666666666,-0.39999999999999997,-0.7714285714285715,-0.5428571428571429,0.7999999999999999,0.7999999999999999,-0.14285714285714288,-0.6571428571428573,False
2026-08-06,DOGE,T2,0.8125,5,DOGE XRP SOL BTC NDX,ETH:G4 SPX:G4 DJI:G3,3,3,5,0.7999999999999999,0.75,0.0,XRP,1.0,1.0,0.2,0.7999999999999999,0.7,0.7999999999999999,0.0,0.19999999999999998,0.8999999999999998,0.7999999999999999,False
2026-08-07,XRP,T2,0.5750000000000001,5,XRP SOL NDX BTC DJI,ETH:G4 DOGE:G4 SPX:G4,3,4,5,0.8999999999999998,0.75,0.0,XRP,0.75,0.0,0.2,1.0,0.19999999999999998,-0.7,0.3,0.3,0.7999999999999999,-0.39999999999999997,False
2026-08-08,SOL,T2,0.875,3,SOL ETH BTC,XRP:G4 DOGE:G4,2,5,3,0.5,1.0,1.0,SOL,1.0,1.0,0.3333333333333333,0.5,1.0,1.0,0.5,-0.5,0.5,-0.5,True
2026-08-09,BTC,T2,0.75,2,BTC ETH,SOL:G4 XRP:G4 DOGE:G4,3,6,2,,1.0,1.0,BTC,1.0,1.0,0.5,,,,,,,,True
2026-08-10,ETH,T2,0.7366666666666666,4,ETH DOGE SPX NDX,BTC:G4 SOL:G4 XRP:G4 DJI:G3,4,0,4,-0.19999999999999998,0.0,0.0,ETH,0.0,0.0,0.25,,0.19999999999999998,-0.19999999999999998,-0.39999999999999997,-1.0,-0.19999999999999998,0.39999999999999997,False
2026-08-11,SPX,T3,0.4462499999999999,3,SPX DOGE XRP,BTC:G4 ETH:G4 SOL:G4 NDX:G3 DJI:G3,5,1,3,0.5,1.0,1.0,DOGE,0.0,0.0,0.3333333333333333,,1.0,0.5,-1.0,-1.0,-0.5,0.5,False
2026-08-12,XRP,T3,0.595,4,XRP SOL DOGE NDX,BTC:G4 ETH:G4 SPX:G4 DJI:G3,4,2,4,-1.0,0.0,0.0,NDX,1.0,1.0,0.25,-1.0,-0.19999999999999998,-0.39999999999999997,-0.19999999999999998,-0.19999999999999998,-1.0,0.0,False
2026-08-13,SOL,T3,0.5454166666666667,5,SOL NDX BTC DOGE DJI,ETH:G4 XRP:G4 SPX:G4,3,3,5,0.8999999999999998,1.0,1.0,NDX,0.5,0.0,0.2,1.0,0.19999999999999998,0.0,0.49999999999999994,0.6,0.6,-0.39999999999999997,False
2026-08-14,ETH,T3,0.51,4,ETH DOGE BTC NDX,SOL:G4 XRP:G4 SPX:G4 DJI:G3,4,4,4,-0.19999999999999998,1.0,1.0,BTC,0.6666666666666666,0.0,0.25,-0.5,1.0,1.0,-0.7999999999999999,-0.39999999999999997,0.0,-0.7999999999999999,False
2026-08-15,DOGE,T3,0.43999999999999995,2,DOGE BTC,ETH:G4 SOL:G3 XRP:G4,3,5,2,,1.0,1.0,BTC,0.0,0.0,0.5,,,,,,,,True
2026-08-16,BTC,T2,0.7225,2,BTC XRP,ETH:G4 SOL:G4 DOGE:G3,3,6,2,,1.0,1.0,XRP,0.0,0.0,0.5,,,,,,,,True
2026-08-17,XRP,T3,0.5223958333333334,4,XRP SOL SPX DJI,BTC:G4 ETH:G4 DOGE:G4 NDX:G3,4,0,4,-0.19999999999999998,0.0,0.0,SOL,1.0,1.0,0.25,,-0.5,-0.5,,0.39999999999999997,1.0,-0.5,False
2026-08-18,ETH,T3,0.35416666666666663,4,ETH SPX SOL NDX,BTC:G4 XRP:G4 DOGE:G4 DJI:G3,4,1,4,0.19999999999999998,1.0,1.0,SOL,0.6666666666666666,0.0,0.25,,0.7999999999999999,0.0,-0.39999999999999997,-0.39999999999999997,-0.39999999999999997,-0.39999999999999997,False
2026-08-19,SOL,T2,0.68255,3,SOL SPX NDX,BTC:G4 ETH:G4 XRP:G4 DOGE:G3 DJI:G3,5,2,3,1.0,1.0,1.0,SOL,1.0,1.0,0.3333333333333333,,0.5,-1.0,,1.0,1.0,-0.5,False
2026-08-20,NDX,T3,0.37916666666666665,3,NDX BTC SPX,ETH:G4 SOL:G4 XRP:G4 DOGE:G3 DJI:G3,5,3,3,1.0,0.0,0.0,BTC,1.0,1.0,0.3333333333333333,,-0.5,1.0,,-1.0,0.5,1.0,False
2026-08-21,XRP,T3,0.6233333333333333,4,XRP SPX BTC DJI,ETH:G4 SOL:G4 DOGE:G3 NDX:G3,4,4,4,0.7999999999999999,1.0,1.0,BTC,0.0,0.0,0.25,,1.0,-0.5,-0.19999999999999998,-0.19999999999999998,0.7999999999999999,1.0,False
2026-08-22,BTC,T3,0.38249999999999995,2,BTC ETH,SOL:G4 XRP:G3 DOGE:G3,3,5,2,,0.0,0.0,BTC,0.0,0.0,0.5,,,,,,,,True
2026-08-23,SOL,T2,0.7989999999999999,2,SOL ETH,BTC:G4 XRP:G4 DOGE:G3,3,6,2,,0.0,0.0,SOL,0.0,0.0,0.5,,,,,,,,True
2026-08-24,ETH,T2,0.6941666666666666,4,ETH SPX DOGE DJI,BTC:G4 SOL:G4 XRP:G4 NDX:G3,4,0,4,-0.7999999999999999,0.0,0.0,DOGE,0.3333333333333333,0.0,0.25,,-0.5,0.5,-1.0,-1.0,0.6000000000000001,-1.0,False
2026-08-25,DOGE,T3,0.49666666666666665,3,DOGE SPX XRP,BTC:G4 ETH:G4 SOL:G4 NDX:G3 DJI:G3,5,1,3,-1.0,0.5,0.0,SPX,0.0,0.0,0.3333333333333333,,-0.5,-1.0,1.0,0.5,,-0.5,False
2026-08-26,XRP,T3,0.40800000000000003,3,XRP SPX BTC,ETH:G4 SOL:G4 DOGE:G4 NDX:G3 DJI:G3,5,2,3,-0.5,1.0,1.0,XRP,1.0,1.0,0.3333333333333333,,1.0,-0.5,-1.0,-1.0,-0.5,0.5,False
2026-08-27,SOL,T2,0.6685249999999999,3,SOL BTC SPX,ETH:G4 XRP:G4 DOGE:G4 NDX:G3 DJI:G3,5,3,3,1.0,1.0,1.0,SOL,1.0,1.0,0.3333333333333333,,1.0,-1.0,,1.0,1.0,-0.5,False
2026-08-28,SPX,T3,0.43333333333333335,4,SPX ETH DJI BTC,SOL:G4 XRP:G4 DOGE:G4 NDX:G3,4,4,4,-0.39999999999999997,0.6666666666666666,0.0,BTC,0.3333333333333333,0.0,0.25,,0.5,-0.5,0.19999999999999998,-0.6000000000000001,-0.39999999999999997,-1.0,False
2026-08-29,BTC,T2,0.7225,2,BTC ETH,SOL:G4 XRP:G4 DOGE:G3,3,5,2,,0.0,0.0,BTC,0.0,0.0,0.5,,,,,,,,True
2026-08-30,XRP,T3,0.3927,2,XRP ETH,BTC:G4 SOL:G4 DOGE:G3,3,6,2,,1.0,1.0,ETH,0.0,0.0,0.5,,,,,,,,True
2026-08-31,DOGE,T3,0.425,2,DOGE NDX,BTC:G4 ETH:G3 SOL:G3 XRP:G4 SPX:G4 DJI:G3,6,0,2,,0.0,0.0,DOGE,0.0,0.0,0.5,,,,,,,,False
2026-09-01,SOL,T2,0.6516666666666667,5,SOL ETH SPX NDX DJI,BTC:G4 XRP:G4 DOGE:G4,3,1,5,-0.7,0.0,0.0,SOL,0.0,0.0,0.2,,-0.6000000000000001,1.0,-0.7999999999999999,-0.8999999999999998,-0.09999999999999999,-0.39999999999999997,False
2026-09-02,BTC,T2,0.31875,3,BTC SPX ETH,SOL:G4 XRP:G4 DOGE:G4 NDX:G3 DJI:G3,5,2,3,1.0,0.5,0.0,SPX,1.0,1.0,0.3333333333333333,,1.0,-0.5,,1.0,0.5,0.5,False
2026-09-03,XRP,T3,0.4108333333333334,4,XRP ETH DJI SPX,BTC:G4 SOL:G4 DOGE:G4 NDX:G3,4,3,4,-0.39999999999999997,0.3333333333333333,0.0,SPX,0.6666666666666666,0.0,0.25,,-0.5,-0.5,0.39999999999999997,0.39999999999999997,-0.39999999999999997,-0.5,False
2026-09-04,ETH,T2,0.8666666666666666,4,ETH NDX SPX DOGE,BTC:G4 SOL:G4 XRP:G4 DJI:G3,4,4,4,0.19999999999999998,0.3333333333333333,0.0,DOGE,1.0,1.0,0.25,,-1.0,-0.7999999999999999,0.19999999999999998,0.19999999999999998,0.19999999999999998,0.7999999999999999,False
2026-09-05,DOGE,T2,0.39525,2,DOGE SOL,BTC:G4 ETH:G4 XRP:G4,3,5,2,,1.0,1.0,DOGE,1.0,1.0,0.5,,,,,,,,True
2026-09-06,BTC,T3,0.38249999999999995,2,BTC SOL,ETH:G4 XRP:G4 DOGE:G3,3,6,2,,0.0,0.0,SOL,1.0,1.0,0.5,,,,,,,,True
2026-09-07,SOL,T3,0.4675,2,SOL XRP,BTC:G4 ETH:G4 DOGE:G4,3,0,2,,0.0,0.0,SOL,0.0,0.0,0.5,,,,,,,,False
2026-09-08,XRP,T2,0.6618666666666667,3,XRP SPX ETH,BTC:G4 SOL:G4 DOGE:G4 NDX:G3 DJI:G3,5,1,3,0.5,0.5,0.0,SPX,1.0,1.0,0.3333333333333333,,-0.5,-0.5,-0.5,-0.5,1.0,0.5,False
2026-09-09,SPX,T1,0.7083333333333334,4,SPX NDX ETH DOGE,BTC:G4 SOL:G4 XRP:G4 DJI:G3,4,2,4,0.19999999999999998,1.0,1.0,SPX,1.0,1.0,0.25,,-0.19999999999999998,0.39999999999999997,0.5,-0.39999999999999997,0.39999999999999997,0.7999999999999999,False
2026-09-10,ETH,T2,0.5525,3,ETH BTC DOGE,SOL:G4 XRP:G4 SPX:G4 NDX:G3 DJI:G3,5,3,3,1.0,1.0,1.0,DOGE,0.0,0.0,0.3333333333333333,1.0,1.0,1.0,1.0,1.0,-1.0,-1.0,False
2026-09-11,DOGE,T2,0.68,4,DOGE NDX SOL BTC,ETH:G4 XRP:G4 SPX:G4 DJI:G3,4,4,4,0.7999999999999999,0.6666666666666666,0.0,NDX,1.0,1.0,0.25,1.0,0.0,0.39999999999999997,0.5,0.7999999999999999,-0.39999999999999997,0.39999999999999997,False
2026-09-12,BTC,T3,0.5312499999999999,3,BTC XRP SOL,ETH:G4 DOGE:G4,2,5,3,-0.5,0.5,0.0,XRP,0.0,0.0,0.3333333333333333,-0.5,0.5,0.5,-1.0,-1.0,-0.8660254037844387,1.0,True
2026-09-13,XRP,T3,0.41139999999999993,2,XRP SOL,BTC:G4 ETH:G4 DOGE:G4,3,6,2,,1.0,1.0,SOL,0.0,0.0,0.5,,,,,,,,True
2026-09-14,DJI,T1,0.6300000000000001,5,DJI NDX SOL SPX ETH,BTC:G4 XRP:G4 DOGE:G4,3,0,5,-0.49999999999999994,0.0,0.0,SOL,0.75,0.0,0.2,,-0.39999999999999997,-0.7999999999999999,-0.7999999999999999,-0.7,0.7,0.19999999999999998,False
2026-09-15,ETH,T2,0.57375,4,ETH NDX SOL SPX,BTC:G4 XRP:G4 DOGE:G3 DJI:G4,4,1,4,-0.39999999999999997,0.6666666666666666,0.0,ETH,0.6666666666666666,0.0,0.25,,-0.9486832980505139,-0.39999999999999997,0.39999999999999997,0.39999999999999997,0.7999999999999999,-1.0,False
2026-09-16,SPX,T1,0.4533333333333333,4,SPX BTC SOL DOGE,ETH:G4 XRP:G4 NDX:G3 DJI:G4,4,2,4,-0.39999999999999997,1.0,1.0,SPX,1.0,1.0,0.25,-0.5,-0.39999999999999997,-0.39999999999999997,-0.19999999999999998,-0.39999999999999997,1.0,0.19999999999999998,False
2026-09-17,XRP,T2,0.5525,5,XRP SOL DOGE NDX BTC,ETH:G4 SPX:G4 DJI:G4,3,3,5,0.3,0.25,0.0,NDX,0.0,0.0,0.2,0.19999999999999998,-0.10259783520851541,-0.7999999999999999,-0.7,-0.3,0.8999999999999998,0.39999999999999997,False
2026-09-18,NDX,T2,0.5777777777777777,4,NDX SOL BTC DJI,ETH:G4 XRP:G4 DOGE:G3 SPX:G4,4,4,4,0.19999999999999998,1.0,1.0,SOL,0.0,0.0,0.25,,0.19999999999999998,-0.39999999999999997,0.19999999999999998,0.19999999999999998,-0.7999999999999999,0.19999999999999998,False
2026-09-19,BTC,T3,0.42499999999999993,3,BTC SOL ETH,XRP:G4 DOGE:G3,2,5,3,0.5,0.5,0.0,ETH,0.0,0.0,0.3333333333333333,0.5,0.5,-0.5,-1.0,-1.0,0.5,0.5,True
2026-09-20,SOL,T2,0.7626666666666667,3,SOL ETH DOGE,BTC:G4 XRP:G4,2,6,3,-0.5,0.5,0.0,DOGE,1.0,1.0,0.3333333333333333,-0.5,-1.0,0.5,-0.5,-0.5,,1.0,True
2026-09-21,XRP,T3,0.3390933333333333,4,XRP SPX ETH DJI,BTC:G4 SOL:G4 DOGE:G3 NDX:G4,4,0,4,0.0,1.0,1.0,SPX,0.3333333333333333,0.0,0.25,,0.5,-0.5,-0.6000000000000001,-0.6000000000000001,0.39999999999999997,1.0,False
2026-09-22,DJI,T3,0.7999999999999999,4,DJI SPX NDX ETH,BTC:G4 SOL:G4 XRP:G4 DOGE:G3,4,1,4,-0.39999999999999997,0.3333333333333333,0.0,NDX,0.0,0.0,0.25,,-0.39999999999999997,-0.39999999999999997,-1.0,-1.0,0.39999999999999997,0.19999999999999998,False
2026-09-23,SPX,T3,0.5843749999999999,5,SPX ETH DOGE BTC NDX,SOL:G4 XRP:G4 DJI:G4,3,2,5,0.09999999999999999,0.0,0.0,DOGE,1.0,1.0,0.2,0.5,-0.7999999999999999,-0.7999999999999999,0.49999999999999994,0.49999999999999994,-0.19999999999999998,0.0,False
2026-09-24,ETH,T3,0.5666666666666667,4,ETH SOL BTC NDX,XRP:G3 DOGE:G3 SPX:G4 DJI:G4,4,3,4,0.19999999999999998,0.0,0.0,SOL,1.0,1.0,0.25,0.5,-1.0,-0.19999999999999998,0.39999999999999997,0.39999999999999997,0.39999999999999997,0.7999999999999999,False
2026-09-25,XRP,T3,0.3779666666666666,4,XRP BTC SOL NDX,ETH:G4 DOGE:G3 SPX:G4 DJI:G4,4,4,4,-0.39999999999999997,1.0,1.0,SOL,0.3333333333333333,0.0,0.25,-0.5,0.19999999999999998,-0.39999999999999997,-0.39999999999999997,-0.7999999999999999,-0.7999999999999999,0.0,False
2026-09-26,SOL,T3,0.4522,2,SOL BTC,ETH:G4 XRP:G4 DOGE:G3,3,5,2,,1.0,1.0,SOL,1.0,1.0,0.5,,,,,,,,True
2026-09-28,DJI,T1,0.45900000000000013,5,DJI NDX SPX ETH DOGE,BTC:G4 SOL:G4 XRP:G4,3,0,5,-0.19999999999999998,1.0,1.0,NDX,0.0,0.0,0.2,,0.19999999999999998,0.19999999999999998,-0.5,-1.0,0.7,-0.19999999999999998,False
2026-09-29,XRP,T2,0.4931416666666667,5,XRP DOGE ETH SPX NDX,BTC:G4 SOL:G4 DJI:G4,3,1,5,-0.9999999999999999,0.25,0.0,SPX,0.75,0.0,0.2,-1.0,0.09999999999999999,0.7999999999999999,-0.9999999999999999,-0.6,-0.8999999999999998,-0.8999999999999998,False
2026-09-30,NDX,T1,0.42499999999999993,5,NDX ETH SOL DOGE SPX,BTC:G4 XRP:G4 DJI:G4,3,2,5,0.39999999999999997,0.25,0.0,NDX,0.25,0.0,0.2,1.0,-0.19999999999999998,-0.3,0.09999999999999999,0.09999999999999999,0.09999999999999999,0.6,False
