date,A0,A1,A2,A3,M,buzz_d1,mentions_d1,sentiment_d1,buzz_z,mentions_z,sentiment_z
2026-08-03,0.1454125820320578,-0.07615384615384616,-0.049999999999999996,-0.492715819431988,0.5646153846153846,-0.03000577089550399,0.18809061341365366,0.3000577089550399,-0.09307692307692307,-0.024615384615384615,0.1746153846153846
2026-08-04,0.03461538461538462,-0.16237015438131785,-0.048461538461538466,0.2850548235072879,0.41615384615384615,-0.021927294115945222,-0.16509527476494051,0.11153846153846154,-0.049999999999999996,0.048461538461538466,-0.10538461538461538
2026-08-05,-0.1853846153846154,-0.12964031784339544,-0.18230769230769234,0.06964217522042306,-0.11846153846153845,-0.07732256346149106,0.008095626899136656,-0.4115384615384615,-0.016153846153846154,0.003076923076923077,-0.19846153846153847
2026-08-06,0.12944664031620554,-0.08009890954482363,-0.15415019762845852,-0.018298723095762425,-0.10384615384615385,0.1645663504650097,-0.11767617575103716,0.050407710953246226,-0.10177865612648221,-0.3053359683794466,0.03557312252964427
2026-08-07,-0.02338421688774671,0.23177663173600468,0.2075098814229249,0.02471547982747857,0.027692307692307697,0.1012987012987013,-0.14234650899467483,-0.15324675324675324,0.2519762845849803,0.049407114624505935,0.025691699604743084
2026-08-08,0.23456795075238418,0.13540894903126927,0.1818181818181818,0.4279804740420139,0.3946153846153846,0.18311688311688312,0.36883116883116884,-0.10912634547615131,0.2806324110671937,0.11956521739130435,-0.3804347826086957
2026-08-09,0.20987658751529112,-0.0683809231278553,0.10559006211180126,0.4956118368264596,0.35230769230769227,0.18441558441558442,0.05981799596018444,0.2194805194805195,-0.0016939582156973462,0.028797289666854884,-0.09542631281761718
2026-08-10,-0.06161677199708931,0.028857254925589666,-0.043076923076923075,0.08565531475748193,-0.1276923076923077,-0.03670242800677584,-0.050847465742198894,-0.1394692264257482,-0.09923076923076923,0.20615384615384616,0.16461538461538464
2026-08-11,0.36442705797352687,-0.23391304347826083,-0.1417391304347826,-0.20764473889932075,-0.048461538461538466,0.3026086956521739,0.4471509774897872,0.11350293810392663,-0.13652173913043478,0.21478260869565213,-0.40695652173913033
2026-08-12,-0.2560553946050731,-0.31077276287494615,-0.20434782608695648,-0.32301341589267285,0.5446153846153846,-0.22529644268774704,-0.010383191978032691,-0.23517786561264822,-0.18956521739130433,0.09652173913043478,-0.1878260869565217
2026-08-13,-0.04912478825522304,0.012987012987012988,0.03896103896103897,-0.1413828689370485,-0.05538461538461539,0.031055900621118016,0.12090397409811736,-0.29531338226990406,0.0852625635234331,-0.06719367588932806,-0.044607566346696784
2026-08-14,0.025974025974025972,-0.22434782608695653,-0.25304347826086954,-0.23529411764705882,0.3453846153846154,0.03377720217118969,0.09158818281034128,-0.07272727272727272,-0.268695652173913,-0.09217391304347824,-0.19999999999999998
2026-08-15,-0.26489693233670025,-0.45652173913043476,-0.44565217391304346,0.2526315789473684,0.09846153846153846,-0.3077357425183513,-0.015254239722659668,-0.03727760668277658,-0.4258893280632411,-0.2806324110671937,0.03952569169960475
2026-08-16,-0.016888601085594843,0.12598872067233727,0.06719367588932806,0.28998968008255926,0.22230769230769232,-0.13896103896103898,0.14944772485608962,0.07537363514481044,0.18577075098814233,-0.08865047995482779,-0.0378317334839074
2026-08-17,-0.2586839978895708,-0.30985916438907235,-0.3448616600790514,-0.10175438596491228,0.15307692307692308,-0.04573687182382835,-0.13280592508302475,-0.4635798983625071,-0.22529644268774704,-0.2648221343873518,-0.005928853754940711
2026-08-18,0.291501976284585,0.2212389544295208,0.15692307692307692,-0.017559269278487232,0.5615384615384615,0.33992094861660077,0.33506301986569553,-0.17490118577075098,0.06846153846153846,0.18769230769230769,0.1446153846153846
2026-08-19,0.019762845849802372,0.24180794819623472,0.20722755505364204,-0.22188794348399665,0.09230769230769231,0.20948616600790515,-0.011864408673179741,-0.22190852625635235,0.3054771315640881,0.12704686617730096,-0.15640880858272163
2026-08-20,-0.11070319560339711,0.1618094976908569,0.15565217391304348,-0.26315789473684204,0.23615384615384616,-0.026538678712591763,-0.017553864240659654,-0.25691699604743085,0.17565217391304347,0.15217391304347824,0.04347826086956521
2026-08-21,-0.13954804487025696,-0.007342558892062054,-0.02992659514398645,-0.14285714285714285,0.5315384615384615,-0.07850889892281734,-0.18032798410157327,0.008469791078486732,-0.07848673066064371,-0.11123658949745907,0.20609824957651046
2026-08-22,-0.22642574816487862,-0.10848240246836059,-0.049999999999999996,-0.11241068000045004,0.40230769230769226,-0.10223101226640245,-0.2961289563553403,-0.16544325239977417,0.049999999999999996,-0.24384615384615385,-0.2846153846153846
2026-08-23,0.07732256346149106,-0.06384615384615384,-0.14153846153846153,-0.032467532467532464,0.1476923076923077,-0.04384615384615385,0.10431103937684487,0.24153846153846154,-0.03923076923076923,-0.2276923076923077,0.11384615384615385
2026-08-24,-0.3316384710074528,-0.21852060982495766,-0.22303783173348396,-0.09916631055574433,0.3653846153846153,-0.2146892998003953,-0.15832642339177055,-0.3247670279181293,-0.2377188029361943,-0.3529079616036138,0.06606437041219651
2026-08-25,-0.06158193073221865,-0.09846153846153846,-0.09307692307692307,0.41503759398496237,-0.12384615384615384,-0.21061547148503673,-0.2344633142556949,0.16436035673769675,-0.08538461538461539,0.10923076923076921,-0.2630769230769231
2026-08-26,0.20383963862224735,0.003388873334797871,0.06719367588932806,0.30350877192982456,0.23384615384615384,0.10333145115753813,-0.08083668252829149,0.311123658949746,-0.08752117447769624,-0.028797289666854884,0.033314511575381144
2026-08-27,-0.3207792207792208,0.1609395541548845,0.19217391304347822,0.22422880689238858,0.2053846153846154,-0.3181818181818181,-0.4552579121020446,0.23449173045768226,0.07913043478260869,0.03304347826086956,0.17130434782608694
2026-08-28,-0.1883116883116883,-0.16996047430830044,-0.259175607001694,0.41404238868210486,0.12076923076923077,-0.12467532467532469,0.03323579510851395,-0.26502112472779604,-0.24223602484472054,0.032185206098249576,0.06041784302653869
2026-08-29,0.5014615399261239,0.2826785359338906,0.3053359683794466,0.6397058823529412,0.15307692307692308,0.2662337662337662,0.43104197190280946,0.5116883116883117,0.2707509881422925,0.36067193675889325,-0.042490118577075096
2026-08-30,-0.1263633034078354,0.32597402597402597,0.3987012987012987,0.21470588235294116,0.002307692307692308,0.05413533834586466,-0.3409862918735481,-0.10229410275872389,0.5896103896103897,0.1883116883116883,-0.3818181818181818
2026-08-31,-0.4901960784313726,-0.4203598474000136,-0.3649122807017544,0.21428571428571427,0.3638461538461538,-0.5067079463364293,-0.35592462578245626,-0.24664602683178533,-0.38421052631578945,-0.3614035087719299,-0.17719298245614035
2026-09-01,0.08093195880474273,-0.15170278637770898,-0.08771929824561403,-0.2929522525000675,0.6261538461538462,0.21813725490196081,-0.02942980320172463,-0.002450980392156863,-0.0608875128998968,-0.15583075335397317,-0.28998968008255926
2026-09-02,0.3529411764705882,0.22982456140350876,0.28596491228070176,-0.048257391923802746,0.4115384615384615,0.3764705882352941,0.28023720746346226,0.05294117647058824,0.26842105263157895,0.2912280701754386,-0.12631578947368421
2026-09-03,-0.40350877192982454,-0.018084211075135286,0.033314511575381144,0.610018865177968,-0.16076923076923075,-0.3614035087719299,-0.1661542474446277,-0.4052631578947368,-0.0028232636928289105,0.25352907961603616,-0.19141727837380013
2026-09-04,0.5064935064935067,0.32985033792032614,0.4285714285714286,0.4058823529411764,0.45461538461538464,0.6037842658164874,0.45801572481190767,-0.461321287408244,0.4680971202710334,0.28289102202145683,-0.2806324110671937
2026-09-05,0.051383399209486175,-0.17391304347826086,-0.11660079051383401,-0.08928571428571427,0.35230769230769227,0.05477131564088086,-0.09710548389222365,-0.08977978543195936,-0.0009881422924901185,-0.09980237154150197,-0.3320158102766798
2026-09-06,0.0019486847406455592,-0.09155131856787238,-0.14285714285714288,0.2645220001749188,0.5253846153846153,0.025974025974025972,0.1177620981015016,-0.1,-0.18802936194240544,0.17560700169395824,-0.11688311688311688
2026-09-07,0.3118909040474914,0.2219476296866367,0.18972332015810275,-0.1537087298313717,0.6246153846153846,0.32857142857142857,0.09220779220779221,0.26883116883116887,0.3201581027667984,0.22924901185770752,-0.13339920948616601
2026-09-08,-0.13339920948616601,0.0926288345445838,0.15652173913043477,0.49754901960784315,0.4015384615384615,-0.1324110671936759,-0.12271166414272917,0.019767729785586753,0.17478260869565218,0.17478260869565218,-0.1469565217391304
2026-09-09,-0.1847826086956522,-0.024215468987343773,0.024703557312252968,0.20949432404540763,0.41692307692307695,-0.27964426877470355,0.03215436542511322,-0.06126482213438736,-0.06422924901185771,0.10276679841897234,0.11561264822134389
2026-09-10,-0.2015810276679842,-0.34521739130434775,-0.3930434782608695,0.39774081830673563,0.12461538461538461,-0.208498023715415,0.04452142905015676,-0.18972332015810275,-0.45652173913043476,-0.3182608695652174,0.13217391304347825
2026-09-11,-0.07509881422924902,-0.13446329829603706,-0.25352907961603616,-0.03333333333333333,0.009999999999999998,0.09933284217257345,0.1758301578001414,-0.5016061433092639,-0.0852625635234331,-0.2298136645962733,-0.04912478825522304
2026-09-12,0.1276836361970772,0.17346182886852377,0.14822134387351776,-0.016553804535679697,-0.3976923076923076,0.1202710333145116,0.0039592817179663845,0.30660643704121965,0.14525691699604742,0.23122529644268777,-0.11264822134387352
2026-09-13,0.33992094861660077,0.5199999999999999,0.5452173913043478,0.48571428571428565,0.18615384615384614,0.2658102766798419,0.38674598542935723,0.11660079051383401,0.571304347826087,0.47913043478260864,0.013913043478260868
2026-09-14,-0.07284020327498589,-0.1609260304912479,-0.20835686053077357,0.15644980421922475,0.06076923076923077,0.05083310002196807,-0.08936664449124126,-0.15588817340070207,-0.1394692264257482,-0.16544325239977417,-0.14398644833427443
2026-09-15,-0.494965924123972,-0.6194240542066629,-0.6691134952004518,0.18491745404466872,0.5715384615384614,-0.48457293884052904,-0.5502685991771775,-0.2364404151983278,-0.6837944664031621,-0.6386222473178995,0.17786561264822137
2026-09-16,-0.010526315789473684,0.06917293233082707,0.15488721804511277,0.06916852498036807,-0.013076923076923076,0.10350877192982455,-0.3173634038492624,-0.12105263157894736,0.14887218045112782,0.08872180451127819,-0.1894736842105263
2026-09-17,0.17910454664056974,0.012786762844840486,0.1518796992481203,0.24019607843137256,0.10999999999999999,0.13602458527557848,-0.05975404658697732,0.2964912280701754,0.21954887218045113,0.019548872180451125,-0.1789473684210526
2026-09-18,0.1312663076334193,0.1539460945109992,-0.04285714285714286,-0.28108911215426174,0.22923076923076924,0.2693498452012384,0.3457172342621259,-0.21362229102167182,0.12727272727272726,0.20129870129870128,-0.11688311688311687
2026-09-19,-0.42196317387973603,-0.10003761519786969,-0.0781954887218045,-0.007142857142857141,-0.07999999999999999,-0.41293722363631924,-0.4878927886762275,-0.024060150375939848,-0.07218045112781954,-0.1789473684210526,-0.022556390977443608
2026-09-20,0.04138451133919923,0.13244378956343125,0.08498023715415019,-0.41795449137073476,0.2407692307692308,-0.060150375939849614,-0.32957119939216845,0.3699248120300751,0.10770750988142294,-0.048418972332015815,-0.07509881422924902
2026-09-21,-0.26241661290366414,0.057610846691563806,-0.07284020327498589,0.02450980392156863,-0.1476923076923077,-0.03162055335968379,-0.1870826860322162,-0.46245059288537554,-0.0942970073404856,0.05815923207227556,0.28289102202145683
2026-09-22,0.0914995800395425,-0.2051427693835659,-0.24223602484472054,0.10055182760589249,0.22846153846153847,0.16770186335403728,-0.01809444838763092,-0.16883116883116886,-0.22303783173348396,-0.18351214003387917,0.02428006775832863
2026-09-23,-0.44861660079051385,-0.06276254206923794,0.003952569169960474,0.11578947368421051,0.5692307692307692,-0.31719367588932806,-0.21656371839896754,-0.1798418972332016,0.13537549407114624,0.025691699604743084,-0.22924901185770752
2026-09-24,0.04212110113594513,0.09473684210526315,0.012030075187969924,-0.060382981538533755,0.22692307692307692,0.09924812030075188,-0.1008277185355036,0.0706766917293233,0.009022556390977442,-0.29624060150375936,0.32631578947368417
2026-09-25,0.007017543859649123,0.08181818181818182,0.0935064935064935,0.1607363173144475,0.39615384615384613,-0.16666666666666666,0.1624038056968706,0.06842105263157894,-0.24415584415584415,-0.006493506493506493,0.6935064935064935
2026-09-26,0.1952063316326692,0.22434782608695653,0.23478260869565212,0.07352941176470588,0.3923076923076923,0.1418685294433513,0.06947960123832657,0.37055335968379455,0.17913043478260868,0.3417391304347826,0.06173913043478261
2026-09-27,-0.431578947368421,-0.3264590046613884,-0.28070175438596495,-0.27696078431372556,0.14846153846153848,-0.5368421052631579,-0.1638368221418297,-0.022564875608542038,-0.22807017543859648,-0.30350877192982456,-0.13859649122807016
2026-09-28,0.07739938080495357,-0.07847187416418945,-0.08565531475748193,0.04562179307215766,0.6015384615384615,-0.05782138096308696,-0.07024797136892444,0.21362229102167182,0.09391124871001032,0.27966976264189886,-0.6862745098039216
2026-09-29,0.1486835510479379,0.6124842629836275,0.5428571428571428,0.6769685423610492,0.6015384615384615,0.32301341589267285,0.09292721940496118,-0.04850361197110423,0.5285714285714286,0.49350649350649345,0.07662337662337662
2026-09-30,0.2658102766798419,0.25014116318464147,0.2309429700734049,-0.1198347746881652,-0.061538461538461535,0.33300395256917,0.48071240132651555,-0.18873517786561267,0.2399774138904574,0.3088650479954828,-0.02089215132693394
2026-10-01,-0.38437915064969924,-0.060150375939849614,-0.0706766917293233,0.0036809843659797144,0.17384615384615384,-0.32807017543859646,-0.3762646450068817,-0.366827591259302,0.07368421052631578,-0.04210526315789473,-0.3413533834586466
