date,pick,pick_tier,pick_score,pool_size,pool,gated,n_gated,skipped,n,IC,pick_pctl,hit_top1,mom_pick,mom_pctl,mom_hit_top1,rand_hit_top1,IC_attention_shift,IC_activity_shift,IC_money_flow,IC_money_stock,IC_market_move,IC_sentiment_shift
2026-08-04,XRP,T4,0.6120000000000002,6.0,XRP SOL ETH BTC SPX NDX,DOGE:G2 DJI:G3,2.0,,6.0,0.2571428571428572,0.6,0.0,SPX,0.0,0.0,0.16666666666666666,,,0.48571428571428577,0.6,-0.46381682852195877,
2026-08-05,BTC,T4,0.9,5.0,BTC ETH SOL SPX DOGE,XRP:G4 NDX:G3 DJI:G3,3.0,,5.0,-0.3,0.5,0.0,ETH,0.0,0.0,0.2,,,0.0,0.0,-0.09999999999999999,
2026-08-06,DOGE,T4,0.9,6.0,DOGE SOL SPX ETH DJI NDX,BTC:G4 XRP:G4,2.0,,6.0,0.6571428571428573,1.0,1.0,SOL,0.8,0.0,0.16666666666666666,,,0.2571428571428572,0.48571428571428577,0.6571428571428573,
2026-08-07,SPX,T4,0.7591153846153847,5.0,SPX SOL NDX ETH DJI,BTC:G4 XRP:G4 DOGE:G4,3.0,,5.0,0.49999999999999994,0.5,0.0,SOL,1.0,1.0,0.2,,,0.09999999999999999,0.09999999999999999,0.6,
2026-08-08,XRP,T4,0.6120000000000001,3.0,XRP SOL ETH,BTC:G4 DOGE:G4,2.0,,3.0,0.5,0.5,0.0,SOL,1.0,1.0,0.3333333333333333,,,0.5,-0.5,1.0,
2026-08-09,SOL,T4,0.5400000000000001,3.0,SOL BTC ETH,XRP:G4 DOGE:G4,2.0,,3.0,-0.5,0.0,0.0,SOL,0.0,0.0,0.3333333333333333,,,1.0,-1.0,-0.5,
2026-08-10,ETH,T4,0.8550000000000001,5.0,ETH BTC DOGE DJI NDX,SOL:G4 XRP:G4 SPX:G4,3.0,,5.0,0.09999999999999999,0.25,0.0,BTC,0.75,0.0,0.2,,,-0.3,-0.3,0.3,
2026-08-11,DOGE,T4,0.7496999999999999,3.0,DOGE BTC SPX,ETH:G4 SOL:G4 XRP:G4 NDX:G3 DJI:G3,5.0,,3.0,-0.5,0.5,0.0,DOGE,0.5,0.0,0.3333333333333333,,,-0.5,-0.5,-0.5,
2026-08-12,BTC,T4,0.51,4.0,BTC SPX XRP DJI,ETH:G4 SOL:G4 DOGE:G4 NDX:G3,4.0,,4.0,0.0,0.3333333333333333,0.0,SPX,1.0,1.0,0.25,,,0.39999999999999997,0.7999999999999999,-0.39999999999999997,
2026-08-13,SPX,T4,0.6645521739130434,5.0,SPX NDX SOL XRP DJI,BTC:G4 ETH:G4 DOGE:G4,3.0,,5.0,0.09999999999999999,0.25,0.0,NDX,0.5,0.0,0.2,,,-0.09999999999999999,-0.19999999999999998,0.0,
2026-08-14,ETH,T4,0.5865,5.0,ETH SOL XRP NDX DJI,BTC:G4 DOGE:G4 SPX:G4,3.0,,5.0,-0.09999999999999999,0.5,0.0,SOL,0.75,0.0,0.2,,,-1.0,-0.7,0.39999999999999997,
2026-08-15,XRP,T4,0.45900000000000013,2.0,XRP DOGE,BTC:G4 ETH:G4 SOL:G3,3.0,,2.0,,1.0,1.0,XRP,1.0,1.0,0.5,,,,,,
2026-08-16,BTC,T4,0.6120000000000001,2.0,BTC SOL,ETH:G4 XRP:G4 DOGE:G3,3.0,,2.0,,1.0,1.0,SOL,0.0,0.0,0.5,,,,,,
2026-08-17,SOL,T4,0.9,4.0,SOL SPX DOGE DJI,BTC:G4 ETH:G4 XRP:G4 NDX:G3,4.0,,4.0,0.7999999999999999,1.0,1.0,SOL,1.0,1.0,0.25,,,,1.0,0.7999999999999999,
2026-08-18,SPX,T4,0.4470260869565218,4.0,SPX DJI ETH DOGE,BTC:G4 SOL:G4 XRP:G4 NDX:G3,4.0,,4.0,-0.6000000000000001,0.3333333333333333,0.0,SPX,0.3333333333333333,0.0,0.25,,,-0.39999999999999997,-0.39999999999999997,-0.39999999999999997,
2026-08-19,ETH,T4,0.45900000000000013,2.0,ETH XRP,BTC:G4 SOL:G4 DOGE:G3 SPX:G4 NDX:G3 DJI:G3,6.0,,2.0,,0.0,0.0,ETH,0.0,0.0,0.5,,,,,,
2026-08-20,DJI,T4,0.5868910526315789,4.0,DJI XRP BTC NDX,ETH:G4 SOL:G4 DOGE:G3 SPX:G4,4.0,,4.0,0.39999999999999997,0.3333333333333333,0.0,XRP,1.0,1.0,0.25,,,,-0.6000000000000001,0.39999999999999997,
2026-08-21,SOL,T4,0.6375,3.0,SOL BTC XRP,ETH:G4 DOGE:G3 SPX:G4 NDX:G3 DJI:G4,5.0,,3.0,-0.5,0.5,0.0,BTC,0.0,0.0,0.3333333333333333,,,,-0.5,0.8660254037844387,
2026-08-22,BTC,,,,,,,pool < 2 after labels,,,,,,,,,,,,,,
2026-08-23,XRP,T4,0.5364000000000002,2.0,XRP ETH,BTC:G4 SOL:G4 DOGE:G3,3.0,,2.0,,1.0,1.0,XRP,1.0,1.0,0.5,,,,,,
2026-08-24,ETH,T4,0.6120000000000001,3.0,ETH SPX DOGE,BTC:G4 SOL:G4 XRP:G4 NDX:G3 DJI:G3,5.0,,3.0,-0.5,0.0,0.0,DOGE,0.5,0.0,0.3333333333333333,,,,-1.0,0.5,
2026-08-25,SOL,T4,0.45900000000000013,3.0,SOL SPX DOGE,BTC:G4 ETH:G4 XRP:G4 NDX:G3 DJI:G3,5.0,,3.0,-0.5,0.5,0.0,SOL,0.5,0.0,0.3333333333333333,,,0.5,-0.5,,
2026-08-26,SPX,T4,0.7981132075471699,4.0,SPX BTC DOGE DJI,ETH:G4 SOL:G4 XRP:G4 NDX:G3,4.0,,4.0,0.19999999999999998,0.3333333333333333,0.0,DOGE,1.0,1.0,0.25,,,0.19999999999999998,0.19999999999999998,-0.7999999999999999,
2026-08-27,BTC,T4,0.765,3.0,BTC XRP DOGE,ETH:G4 SOL:G4 SPX:G4 NDX:G3 DJI:G3,5.0,,3.0,0.5,1.0,1.0,DOGE,0.5,0.0,0.3333333333333333,,,,0.5,0.5,
2026-08-28,XRP,T4,0.7140000000000001,4.0,XRP DOGE ETH DJI,BTC:G4 SOL:G4 SPX:G4 NDX:G3,4.0,,4.0,-0.19999999999999998,0.6666666666666666,0.0,DOGE,0.3333333333333333,0.0,0.25,,,0.39999999999999997,-0.39999999999999997,0.0,
2026-08-29,SOL,T4,0.74664,2.0,SOL ETH,BTC:G4 XRP:G4 DOGE:G3,3.0,,2.0,,0.0,0.0,SOL,0.0,0.0,0.5,,,,,,
2026-08-30,ETH,,,,,,,pool < 2 after labels,,,,,,,,,,,,,,
2026-08-31,DOGE,T4,0.495,5.0,DOGE NDX BTC SPX DJI,ETH:G3 SOL:G3 XRP:G4,3.0,,5.0,-0.8999999999999998,0.0,0.0,DJI,1.0,1.0,0.2,,,-0.5,-0.3,0.3,
2026-09-01,XRP,T4,0.65858,4.0,XRP BTC NDX SPX,ETH:G4 SOL:G4 DOGE:G4 DJI:G3,4.0,,4.0,-0.7999999999999999,0.3333333333333333,0.0,SPX,1.0,1.0,0.25,,,-0.39999999999999997,-0.39999999999999997,-0.7999999999999999,
2026-09-02,SPX,T4,0.6820169491525424,4.0,SPX DJI BTC SOL,ETH:G4 XRP:G4 DOGE:G4 NDX:G3,4.0,,4.0,1.0,1.0,1.0,SPX,1.0,1.0,0.25,,,1.0,0.7999999999999999,0.7999999999999999,
2026-09-03,DJI,T4,0.5379600000000001,4.0,DJI SOL ETH BTC,XRP:G4 DOGE:G4 SPX:G4 NDX:G3,4.0,,4.0,0.7999999999999999,1.0,1.0,DJI,1.0,1.0,0.25,,,0.7999999999999999,1.0,-0.7999999999999999,
2026-09-04,BTC,T4,0.7200000000000001,4.0,BTC ETH SOL DOGE,XRP:G4 SPX:G4 NDX:G3 DJI:G3,4.0,,4.0,-1.0,0.0,0.0,DOGE,1.0,1.0,0.25,,,-1.0,-0.7999999999999999,-0.7999999999999999,
2026-09-05,XRP,T4,0.7140000000000001,3.0,XRP SOL ETH,BTC:G4 DOGE:G3,2.0,,3.0,-0.5,0.0,0.0,SOL,1.0,1.0,0.3333333333333333,,,-0.5,-0.5,-1.0,
2026-09-06,SOL,T4,0.9,2.0,SOL ETH,BTC:G4 XRP:G4 DOGE:G3,3.0,,2.0,,1.0,1.0,SOL,1.0,1.0,0.5,,,,,,
2026-09-07,ETH,T4,0.9,2.0,ETH DOGE,BTC:G4 SOL:G4 XRP:G4,3.0,,2.0,,0.0,0.0,DOGE,1.0,1.0,0.5,,,,,,
2026-09-08,DOGE,T4,0.9,3.0,DOGE SPX BTC,ETH:G4 SOL:G4 XRP:G4 NDX:G3 DJI:G3,5.0,,3.0,0.5,0.5,0.0,SPX,1.0,1.0,0.3333333333333333,,,-0.5,-0.5,,
2026-09-09,SPX,T1,0.6018,3.0,SPX BTC XRP,ETH:G4 SOL:G4 DOGE:G3 NDX:G3 DJI:G3,5.0,,3.0,-0.5,1.0,1.0,SPX,1.0,1.0,0.3333333333333333,,,,-0.5,0.5,
2026-09-10,DJI,,,,,,,pick has no label,,,,,,,,,,,,,,
2026-09-11,ETH,T4,0.6120000000000001,4.0,ETH XRP SOL BTC,DOGE:G4 SPX:G4 NDX:G3 DJI:G4,4.0,,4.0,1.0,1.0,1.0,ETH,1.0,1.0,0.25,,,0.6000000000000001,0.6000000000000001,0.7999999999999999,
2026-09-12,XRP,T4,0.6987,3.0,XRP BTC SOL,ETH:G4 DOGE:G3,2.0,,3.0,-1.0,0.0,0.0,XRP,0.0,0.0,0.3333333333333333,,,-1.0,-1.0,-0.8660254037844387,
2026-09-13,SOL,T4,0.6375,3.0,SOL DOGE BTC,ETH:G4 XRP:G4,2.0,,3.0,-0.5,0.5,0.0,SOL,0.5,0.0,0.3333333333333333,,,,-1.0,-0.5,
2026-09-14,DJI,T1,0.5921513513513514,5.0,DJI SPX BTC DOGE NDX,ETH:G4 SOL:G4 XRP:G4,3.0,,5.0,0.3,0.0,0.0,BTC,1.0,1.0,0.2,,,-0.19999999999999998,-0.39999999999999997,0.19999999999999998,
2026-09-15,ETH,T4,0.765,4.0,ETH BTC SPX NDX,SOL:G4 XRP:G4 DOGE:G3 DJI:G4,4.0,,4.0,0.19999999999999998,0.3333333333333333,0.0,ETH,0.3333333333333333,0.0,0.25,,,0.19999999999999998,0.19999999999999998,0.39999999999999997,
2026-09-16,SPX,T1,0.6120000000000001,4.0,SPX BTC DOGE XRP,ETH:G4 SOL:G4 NDX:G3 DJI:G4,4.0,,4.0,0.39999999999999997,1.0,1.0,XRP,0.0,0.0,0.25,,,0.39999999999999997,0.39999999999999997,1.0,
2026-09-17,SOL,T4,0.663,4.0,SOL DOGE XRP BTC,ETH:G4 SPX:G4 NDX:G3 DJI:G4,4.0,,4.0,0.39999999999999997,1.0,1.0,SOL,1.0,1.0,0.25,,,-0.39999999999999997,0.39999999999999997,0.7999999999999999,
2026-09-18,BTC,T4,0.66,4.0,BTC XRP NDX DJI,ETH:G4 SOL:G4 DOGE:G3 SPX:G4,4.0,,4.0,-0.7999999999999999,0.0,0.0,BTC,0.0,0.0,0.25,,,0.19999999999999998,0.39999999999999997,-1.0,
2026-09-19,ETH,T4,0.45900000000000013,2.0,ETH XRP,BTC:G4 SOL:G4 DOGE:G3,3.0,,2.0,,0.0,0.0,XRP,1.0,1.0,0.5,,,,,,
2026-09-20,XRP,,,,,,,pool < 2 after labels,,,,,,,,,,,,,,
2026-09-21,SPX,T4,0.6306585365853659,4.0,SPX SOL DJI NDX,BTC:G4 ETH:G4 XRP:G4 DOGE:G3,4.0,,4.0,-0.7999999999999999,0.3333333333333333,0.0,NDX,1.0,1.0,0.25,,,-0.7999999999999999,-0.7999999999999999,-0.19999999999999998,
2026-09-22,DJI,T4,0.7149473684210527,3.0,DJI BTC SOL,ETH:G4 XRP:G4 DOGE:G3 SPX:G4 NDX:G3,5.0,,3.0,0.5,0.5,0.0,DJI,0.5,0.0,0.3333333333333333,,,-0.5,-0.5,1.0,
2026-09-23,ETH,T4,0.765,4.0,ETH DOGE SOL BTC,XRP:G4 SPX:G4 NDX:G3 DJI:G4,4.0,,4.0,0.39999999999999997,0.3333333333333333,0.0,DOGE,1.0,1.0,0.25,,,0.39999999999999997,0.39999999999999997,-0.7999999999999999,
2026-09-24,SOL,T4,0.765,2.0,SOL BTC,ETH:G4 XRP:G3 DOGE:G3 SPX:G4 NDX:G3 DJI:G4,6.0,,2.0,,1.0,1.0,SOL,1.0,1.0,0.5,,,,,,
2026-09-25,SPX,T4,0.49749056603773584,4.0,SPX BTC NDX XRP,ETH:G4 SOL:G4 DOGE:G3 DJI:G4,4.0,,4.0,-0.7999999999999999,0.3333333333333333,0.0,SPX,0.3333333333333333,0.0,0.25,,,-0.19999999999999998,-0.7999999999999999,-0.6000000000000001,
2026-09-26,XRP,T4,0.5762999999999999,2.0,XRP BTC,ETH:G4 SOL:G4 DOGE:G3,3.0,,2.0,,0.0,0.0,XRP,0.0,0.0,0.5,,,,,,
2026-09-27,BTC,T4,0.6,2.0,BTC ETH,SOL:G4 XRP:G4 DOGE:G2,3.0,,2.0,,1.0,1.0,BTC,1.0,1.0,0.5,,,,,,
2026-09-28,DJI,T1,0.45900000000000013,5.0,DJI NDX ETH SOL DOGE,BTC:G4 XRP:G4 SPX:G4,3.0,,5.0,0.09999999999999999,1.0,1.0,NDX,0.0,0.0,0.2,,,-0.5,-0.7999999999999999,0.7,
2026-09-29,SOL,T4,0.662592,4.0,SOL DOGE ETH SPX,BTC:G4 XRP:G4 NDX:G3 DJI:G4,4.0,,4.0,-0.7999999999999999,0.3333333333333333,0.0,SPX,1.0,1.0,0.25,,,-0.7999999999999999,-0.7999999999999999,-0.7999999999999999,
2026-09-30,NDX,T1,0.4668099173553719,5.0,NDX ETH DOGE SPX XRP,BTC:G4 SOL:G4 DJI:G4,3.0,,5.0,0.39999999999999997,0.25,0.0,NDX,0.25,0.0,0.2,,,0.3,0.3,0.09999999999999999,
