date,ticker,asset_class,rank,tier,demand_score,raw_score,quality,cooldown,label,prev_move,pct_attention_shift,pct_activity_shift,pct_money_flow,pct_money_stock,pct_market_move,pct_sentiment_shift
2026-08-04,ETH,crypto,1,T2,0.5800000000000001,0.5800000000000001,1.0,1.0,1.2136138407763266,0.15643171412051138,0.6,0.4,0.8,0.6,0.4,0.6
2026-08-04,SOL,crypto,2,T3,0.8,0.8,1.0,1.0,0.3180873295248796,0.13152312397145943,1.0,0.6,0.6,0.4,0.9,1.0
2026-08-04,NDX,index,3,T3,0.20233878260869567,0.28,0.7226385093167702,1.0,0.3425120331247377,2.1837458817286226,0.8,0.8,0.0,0.0,0.0,0.0
2026-08-04,SPX,index,4,T4,0.51,0.51,1.0,1.0,0.11100572573431884,2.1975827602619633,0.2,1.0,0.2,0.2,0.9,0.8
2026-08-04,BTC,crypto,5,T4,0.46,0.46,1.0,1.0,0.5642891814749449,0.5099648417987994,0.4,0.2,0.4,0.8,0.6,0.4
2026-08-04,XRP,crypto,6,T4,0.3700000000000001,0.3700000000000001,1.0,1.0,1.946320017664603,0.22609538862396555,0.0,0.0,1.0,1.0,0.2,0.2
2026-08-05,SPX,index,1,T3,0.5717213114754098,0.625,0.9147540983606557,1.0,0.35086907266057016,0.10181908372870146,1.0,0.75,0.0,0.0,0.75,1.0
2026-08-05,BTC,crypto,2,T4,0.575,0.575,1.0,1.0,0.4414090426792682,0.5566507273713525,0.5,0.5,0.6666666666666666,0.6666666666666666,1.0,0.0
2026-08-05,SOL,crypto,3,T4,0.5624999999999999,0.5624999999999999,1.0,1.0,1.859821330666845,0.28668669652420575,0.75,1.0,0.3333333333333333,0.3333333333333333,0.5,0.5
2026-08-05,XRP,crypto,4,T4,0.3875,0.3875,1.0,1.0,3.1357202630258922,0.42342188190735575,0.0,0.0,1.0,1.0,0.25,0.25
2026-08-05,DOGE,crypto,5,T4,0.28571428571428564,0.28571428571428564,1.0,1.0,1.079984520348259,0.14881382701372894,0.25,0.25,,,0.0,0.75
2026-08-06,DOGE,crypto,1,T2,0.77,0.77,1.0,1.0,0.6259782795179347,1.0878629699147946,0.6,1.0,1.0,1.0,0.8,0.4
2026-08-06,DJI,index,2,T2,0.30888000000000004,0.6300000000000001,0.49028571428571427,1.0,0.051929969661730045,1.1563883224772522,0.8,0.6,0.8,0.2,0.2,1.0
2026-08-06,XRP,crypto,3,T3,0.7300000000000001,0.7300000000000001,1.0,1.0,2.457939425791289,1.8691299617185397,1.0,0.8,0.2,0.4,1.0,0.8
2026-08-06,SOL,crypto,4,T4,0.41000000000000003,0.41000000000000003,1.0,1.0,0.3525420006428957,1.395674594160608,0.0,0.4,0.4,0.8,0.6,0.6
2026-08-06,BTC,crypto,5,T4,0.36,0.36,1.0,1.0,0.364530318487454,0.45031955049167177,0.2,0.2,0.6,0.6,0.4,0.2
2026-08-06,NDX,index,6,T4,0.07414652014652015,0.1,0.7414652014652015,1.0,0.4436599987666878,0.4236774048248603,0.4,0.0,0.0,0.0,0.0,0.0
2026-08-07,XRP,crypto,1,T2,0.5750000000000001,0.5750000000000001,1.0,1.0,1.8091123119792583,0.9605947311547697,1.0,0.0,0.75,0.75,0.5,0.0
2026-08-07,SOL,crypto,2,T4,0.6375,0.6375,1.0,1.0,3.393765744970027,0.47909519200417183,0.5,0.5,0.5,0.5,1.0,0.75
2026-08-07,BTC,crypto,3,T4,0.35,0.35,1.0,1.0,0.37866628639598693,0.3629047627188891,0.25,0.25,0.25,0.25,0.75,0.25
2026-08-07,NDX,index,4,T4,0.3205662288930582,0.45,0.7123693975401293,1.0,0.11855033537896457,0.454522315201246,0.0,0.75,1.0,1.0,0.0,0.5
2026-08-07,DJI,index,5,T4,0.27781209677419355,0.48749999999999993,0.5698709677419356,1.0,0.11401072499363829,0.05024374264519318,0.75,1.0,0.0,0.0,0.25,1.0
2026-08-08,SOL,crypto,1,T2,0.875,0.875,1.0,1.0,1.2619900099742387,2.1071335122558947,1.0,1.0,1.0,0.5,1.0,0.5
2026-08-08,ETH,crypto,2,T4,0.38250000000000006,0.45000000000000007,1.0,0.85,0.27147341933050817,0.33058357622926476,0.0,0.0,0.5,1.0,0.5,1.0
2026-08-08,BTC,crypto,3,T4,0.175,0.175,1.0,1.0,0.1684969003012493,0.3843968302252956,0.5,0.5,0.0,0.0,0.0,0.0
2026-08-09,BTC,crypto,1,T2,0.75,0.75,1.0,1.0,1.5505266596487868,0.16857281425527487,1.0,1.0,1.0,0.0,1.0,0.0
2026-08-09,ETH,crypto,2,T4,0.204,0.25,0.96,0.85,0.008778516710819438,0.003341558204734014,0.0,0.0,0.0,1.0,0.0,1.0
2026-08-10,DJI,index,1,T1,0.4475642156862745,0.6625,0.6755686274509805,1.0,0.17023324532541345,0.11401423705175877,0.75,1.0,0.75,0.75,0.0,1.0
2026-08-10,ETH,crypto,2,T2,0.65875,0.7749999999999999,1.0,0.85,0.6649759789576787,1.409152022835225,0.5,0.75,1.0,1.0,1.0,0.5
2026-08-10,DOGE,crypto,3,T3,0.520625,0.6125,1.0,0.85,1.5943677900788595,0.5927018618650449,1.0,0.5,0.25,0.0,0.75,0.75
2026-08-10,SPX,index,4,T4,0.23068999999999998,0.2875,0.944,0.85,0.4475793378527596,0.20293493941853638,0.0,0.25,0.5,0.25,0.5,0.25
2026-08-10,NDX,index,5,T4,0.11835899159663867,0.1625,0.7283630252100841,1.0,0.4007440344940107,0.11697876283769992,0.25,0.0,0.0,0.5,0.25,0.0
2026-08-11,ETH,crypto,1,T3,0.425,0.5,1.0,0.85,1.1374482276333233,0.19830029580186304,1.0,0.0,0.3333333333333333,0.3333333333333333,0.0,1.0
2026-08-11,DOGE,crypto,2,T4,0.47203333333333325,0.5666666666666667,0.9799999999999999,0.85,0.10714406052298743,0.7887397557382341,0.0,0.6666666666666666,1.0,1.0,1.0,0.0
2026-08-11,XRP,crypto,3,T4,0.4108333333333333,0.4833333333333333,1.0,0.85,0.3519222664935786,0.2539215867970103,0.3333333333333333,0.3333333333333333,0.6666666666666666,0.6666666666666666,0.3333333333333333,0.6666666666666666
2026-08-11,SPX,index,4,T4,0.3415178571428571,0.45,0.8928571428571428,0.85,0.43822970806564315,0.4600529331403363,0.6666666666666666,1.0,0.0,0.0,0.6666666666666666,0.3333333333333333
2026-08-12,XRP,crypto,1,T3,0.5525,0.65,1.0,0.85,0.08365398205188954,0.22055254349278347,1.0,1.0,0.0,0.0,1.0,0.6666666666666666
2026-08-12,SPX,index,2,T4,0.4145166666666667,0.55,0.8866666666666667,0.85,0.6827749503262261,0.43593340001623543,0.6666666666666666,0.6666666666666666,0.3333333333333333,0.6666666666666666,0.6666666666666666,0.3333333333333333
2026-08-12,SOL,crypto,3,T4,0.35416666666666663,0.41666666666666663,1.0,0.85,0.2484781328919559,0.47924164092282595,0.0,0.3333333333333333,0.6666666666666666,0.3333333333333333,0.3333333333333333,1.0
2026-08-12,DOGE,crypto,4,T4,0.32583333333333325,0.3833333333333333,0.9999999999999999,0.85,0.4713848659998629,0.0730096316845077,0.3333333333333333,0.0,1.0,1.0,0.0,0.0
2026-08-13,SPX,index,1,T2,0.760108695652174,0.7875000000000001,0.9652173913043478,1.0,0.24717801175178708,0.6838889410994967,0.5,1.0,0.75,1.0,1.0,0.75
2026-08-13,SOL,crypto,2,T3,0.41437499999999994,0.48749999999999993,1.0,0.85,0.7082575062802747,0.08874035398954731,1.0,0.5,0.25,0.5,0.25,0.25
2026-08-13,NDX,index,3,T4,0.39044117647058824,0.5625,0.6941176470588235,1.0,0.31756133764457645,0.7480960129174985,0.25,0.75,1.0,0.75,0.75,0.0
2026-08-13,DOGE,crypto,4,T4,0.308125,0.3625,1.0,0.85,0.10301665469567858,0.4892400250904777,0.75,0.25,0.0,0.0,0.0,1.0
2026-08-13,BTC,crypto,5,T4,0.255,0.3,1.0,0.85,0.5058800697780615,0.09636829503761614,0.0,0.0,0.5,0.25,0.5,0.5
2026-08-14,NDX,index,1,T2,0.37926617807578356,0.5,0.7585323561515671,1.0,0.09193153636092283,0.3243605781778013,0.5,0.75,0.75,0.75,0.0,0.5
2026-08-14,DJI,index,2,T3,0.2848321666666666,0.46249999999999997,0.7245333333333333,0.85,0.6552060832594951,0.03245826670514369,1.0,0.5,0.0,0.0,0.25,0.75
2026-08-14,DOGE,crypto,3,T4,0.55,0.55,1.0,1.0,0.1030084520438453,0.20351700146402515,0.0,0.0,1.0,1.0,0.5,1.0
2026-08-14,BTC,crypto,4,T4,0.51,0.6,1.0,0.85,0.18262425826670808,0.523820146871329,0.75,1.0,0.5,0.25,0.75,0.25
2026-08-14,SOL,crypto,5,T4,0.329375,0.3875,1.0,0.85,0.4932755260287156,0.8551306587106885,0.25,0.25,0.25,0.5,1.0,0.0
2026-08-15,BTC,crypto,1,T2,0.44625,0.525,1.0,0.85,0.11750706961134422,0.18198066174669605,0.5,1.0,1.0,1.0,0.0,0.0
2026-08-15,DOGE,crypto,2,T3,0.65,0.65,1.0,1.0,0.10477732573929907,0.018832172044678984,1.0,0.5,0.0,0.0,1.0,1.0
2026-08-15,ETH,crypto,3,T4,0.27625,0.325,1.0,0.85,0.027217246464293396,0.22636630169037422,0.0,0.0,0.5,0.5,0.5,0.5
2026-08-16,SOL,crypto,1,T3,0.6875,0.6875,1.0,1.0,1.1079270383800217,0.32241706113965724,1.0,1.0,,0.5,0.0,1.0
2026-08-16,ETH,crypto,2,T4,0.4462499999999999,0.5249999999999999,1.0,0.85,1.4909310415499928,0.10035384058210665,0.0,0.5,1.0,1.0,0.5,0.5
2026-08-16,XRP,crypto,3,T4,0.27625,0.325,1.0,0.85,1.5856073773996284,0.18534361361911733,0.5,0.0,0.0,0.0,1.0,0.0
2026-08-17,ETH,crypto,1,T2,0.5029166666666668,0.5916666666666668,1.0,0.85,0.4011412624253831,1.0565496906185865,0.6666666666666666,0.0,1.0,0.25,1.0,0.0
2026-08-17,XRP,crypto,2,T3,0.53125,0.625,1.0,0.85,0.5193795977302065,0.18455809789668046,1.0,1.0,,1.0,0.0,0.3333333333333333
2026-08-17,SPX,index,3,T4,0.4924137931034483,0.6562500000000001,0.8827586206896552,0.85,0.9089037699062691,0.42373069813147485,0.3333333333333333,0.6666666666666666,,0.75,0.75,1.0
2026-08-17,DOGE,crypto,4,T4,0.2333333333333333,0.23333333333333334,0.9999999999999999,1.0,0.21717886298188516,0.3812383532701356,0.0,0.3333333333333333,0.0,0.0,0.5,0.6666666666666666
2026-08-17,DJI,index,5,T4,0.15444985714285714,0.3333333333333333,0.5451171428571429,0.85,0.21317651203801108,0.6704304837927942,,,,0.5,0.25,
2026-08-18,DOGE,crypto,1,T3,0.5013333333333334,0.5333333333333333,0.9400000000000001,1.0,1.0427087983203585,0.1274263462221661,1.0,0.0,0.0,0.0,0.6666666666666666,1.0
2026-08-18,SPX,index,2,T4,0.5794782608695652,0.7,0.9739130434782609,0.85,0.2684356738368885,0.8964128723662349,0.5,1.0,0.6666666666666666,0.6666666666666666,1.0,0.5
2026-08-18,DJI,index,3,T4,0.3778990769230769,0.7333333333333334,0.515316923076923,1.0,0.16204875799113766,0.21398368659041053,,,1.0,1.0,0.3333333333333333,
2026-08-18,XRP,crypto,4,T4,0.1275,0.15,1.0,0.85,1.1138528031486337,0.014989059475299039,0.0,0.5,0.3333333333333333,0.3333333333333333,0.0,0.0
2026-08-19,SPX,index,1,T3,0.29065677966101694,0.375,0.9118644067796611,0.85,0.9672386218941451,0.2664919450567324,1.0,0.5,,0.0,0.0,0.0
2026-08-19,XRP,crypto,2,T4,0.5525,0.65,1.0,0.85,7.218704046281258,5.030574244700737,0.0,0.0,1.0,1.0,1.0,1.0
2026-08-19,BTC,crypto,3,T4,0.3825,0.45,1.0,0.85,5.031273127066969,4.798639787018561,0.5,1.0,0.0,0.5,0.5,0.5
2026-08-20,XRP,crypto,1,T2,0.6253333333333335,0.7000000000000002,0.8933333333333333,1.0,2.8233778729924355,5.313969500043752,1.0,1.0,1.0,0.5,0.25,0.3333333333333333
2026-08-20,DJI,index,2,T4,0.6288118421052631,0.8333333333333333,0.7545742105263158,1.0,1.0925632438247859,1.3440825117158226,,,,1.0,0.75,
2026-08-20,BTC,crypto,3,T4,0.46041666666666664,0.5416666666666666,1.0,0.85,3.2949941430777536,3.039618518158822,0.3333333333333333,0.3333333333333333,0.5,0.25,1.0,0.6666666666666666
2026-08-20,SOL,crypto,4,T4,0.25839999999999996,0.31666666666666665,0.96,0.85,2.292037979538876,2.119448566199212,0.0,0.6666666666666666,0.0,0.0,0.5,1.0
2026-08-20,NDX,index,5,T4,0.18168154761904762,0.30208333333333337,0.707563025210084,0.85,0.37383405551501,0.6495368404237495,0.6666666666666666,0.0,,0.75,0.0,0.0
2026-08-21,BTC,crypto,1,T2,0.5808333333333333,0.6833333333333333,1.0,0.85,0.10824300425192428,3.076248656187651,1.0,1.0,1.0,0.6666666666666666,0.3333333333333333,0.0
2026-08-21,SOL,crypto,2,T4,0.6640625000000001,0.7812500000000001,1.0,0.85,1.9746464511235942,1.9975847169052856,0.5,0.5,,1.0,1.0,1.0
2026-08-21,DJI,index,3,T4,0.18949636363636363,0.26666666666666666,0.7106113636363636,1.0,0.1994842933183345,1.0616907983386716,,,0.0,0.0,0.6666666666666666,
2026-08-21,ETH,crypto,4,T4,0.17708333333333331,0.20833333333333331,1.0,0.85,0.06203892380737076,1.1646946153083222,0.0,0.0,0.5,0.3333333333333333,0.0,0.5
2026-08-22,ETH,crypto,1,T3,0.4675,0.55,1.0,0.85,0.4059991482210372,0.053152324629582096,1.0,1.0,0.0,0.0,1.0,0.0
2026-08-22,SOL,crypto,2,T4,0.38250000000000006,0.45000000000000007,1.0,0.85,0.6107089191703664,1.0852223629252231,0.0,0.0,1.0,1.0,0.0,1.0
2026-08-24,DOGE,crypto,1,T2,0.4674999999999999,0.5499999999999999,1.0,0.85,0.431370221752506,1.1396150473623077,0.5,0.5,1.0,1.0,0.0,0.5
2026-08-24,SPX,index,2,T3,0.5701415094339622,0.75,0.8943396226415095,0.85,0.25623181360272906,0.34649050586455266,1.0,1.0,,0.5,1.0,0.0
2026-08-24,XRP,crypto,3,T4,0.20541666666666666,0.25,0.9666666666666667,0.85,0.08984339622773811,0.49206196251837325,0.0,0.0,0.0,0.0,0.5,1.0
2026-08-25,BTC,crypto,1,T3,0.425,0.5,1.0,0.85,0.32914503569364345,0.10451961312100916,1.0,0.5,0.5,1.0,0.0,0.0
2026-08-25,SPX,index,2,T4,0.40699545454545455,0.5750000000000001,0.8327272727272728,0.85,0.13468790339838166,0.2545120892734784,0.5,1.0,0.0,0.0,1.0,1.0
2026-08-25,XRP,crypto,3,T4,0.32753333333333334,0.425,0.9066666666666667,0.85,2.0419140968725036,0.04772108046049787,0.0,0.0,1.0,0.5,0.5,0.5
2026-08-26,SPX,index,1,T2,0.6155817610062893,0.8166666666666667,0.8867924528301887,0.85,0.5009870767858028,0.13457510782317075,0.6666666666666666,1.0,1.0,1.0,1.0,0.3333333333333333
2026-08-26,XRP,crypto,2,T3,0.5304,0.6499999999999999,0.9600000000000001,0.85,0.5059089226910999,1.2722882394749249,1.0,0.6666666666666666,0.3333333333333333,0.3333333333333333,0.6666666666666666,0.6666666666666666
2026-08-26,ETH,crypto,3,T4,0.3258333333333333,0.3833333333333333,1.0,0.85,0.7972678837594543,0.05293857264508149,0.3333333333333333,0.3333333333333333,0.6666666666666666,0.6666666666666666,0.3333333333333333,0.0
2026-08-26,DJI,index,4,T4,0.08624000000000001,0.15,0.5749333333333334,1.0,0.12362615669693405,0.23401121458003843,0.0,0.0,0.0,0.0,0.0,1.0
2026-08-27,ETH,crypto,1,T3,0.3825,0.45,1.0,0.85,0.7295243816588897,0.3298259851764257,1.0,0.5,0.5,0.5,0.0,0.0
2026-08-27,SOL,crypto,2,T4,0.46724499999999997,0.575,0.9560000000000001,0.85,0.9820276093927945,3.732848474446901,0.0,0.0,1.0,1.0,1.0,0.5
2026-08-27,XRP,crypto,3,T4,0.4010583333333333,0.475,0.9933333333333333,0.85,0.03939098817955608,0.9459704726106174,0.5,1.0,0.0,0.0,0.5,1.0
2026-08-28,DOGE,crypto,1,T3,0.6108666666666666,0.7333333333333333,0.98,0.85,0.07838567857025376,1.2934386487851712,1.0,1.0,0.6666666666666666,1.0,0.0,1.0
2026-08-28,XRP,crypto,2,T4,0.5416666666666666,0.5416666666666666,1.0,1.0,0.09634351193941283,1.1302572771863613,0.0,0.0,1.0,0.6666666666666666,1.0,0.5
2026-08-28,SOL,crypto,3,T4,0.2516,0.30833333333333335,0.96,0.85,0.648551462634054,1.5931708397316502,0.5,0.5,0.0,0.0,0.6666666666666666,0.0
2026-08-28,DJI,index,4,T4,0.2496505263157895,0.33333333333333337,0.7489515789473684,1.0,0.859025676120841,0.02858727673159333,,,0.3333333333333333,0.3333333333333333,0.3333333333333333,
2026-08-29,SOL,crypto,1,T3,0.6429399999999998,0.7749999999999999,0.976,0.85,0.1670205560759701,0.617491914962284,1.0,1.0,0.5,0.5,1.0,0.5
2026-08-29,XRP,crypto,2,T4,0.3960000000000001,0.45000000000000007,0.88,1.0,0.15264408562641277,0.3077712554503281,0.0,0.0,1.0,1.0,0.0,1.0
2026-08-29,BTC,crypto,3,T4,0.23375,0.275,1.0,0.85,0.4143216389717367,0.30891594753454255,0.5,0.5,0.0,0.0,0.5,0.0
2026-08-30,XRP,crypto,1,T3,0.504,0.6,0.84,1.0,1.1540150991143134,0.42380574020188283,1.0,0.0,0.0,0.0,1.0,1.0
2026-08-30,BTC,crypto,2,T4,0.34,0.4,1.0,0.85,0.003655033541236627,0.4156680455126174,0.0,1.0,1.0,1.0,0.0,0.0
2026-08-31,BTC,crypto,1,T3,0.41083333333333333,0.48333333333333334,1.0,0.85,0.9394223273399169,0.0036951307837017255,1.0,0.0,0.0,0.3333333333333333,1.0,0.0
2026-08-31,SPX,index,2,T4,0.4258680555555556,0.5729166666666667,0.8745098039215686,0.85,0.992118847316653,0.5894500550732586,0.5,0.5,,0.0,0.6666666666666666,1.0
2026-08-31,DJI,index,3,T4,0.31902252100840334,0.6666666666666666,0.478533781512605,1.0,1.2302501223953373,0.8663959368110227,,,1.0,0.6666666666666666,0.3333333333333333,
2026-08-31,NDX,index,4,T4,0.2650106837606838,0.34375000000000006,0.770940170940171,1.0,0.9843129733250607,0.1428790514029945,0.0,1.0,,1.0,0.0,0.5
2026-09-01,ETH,crypto,1,T2,0.5383333333333333,0.6333333333333333,1.0,0.85,0.5837687323412439,0.6393825643488051,0.6666666666666666,0.3333333333333333,1.0,1.0,0.6666666666666666,0.0
2026-09-01,DOGE,crypto,2,T3,0.29155000000000003,0.35,0.9800000000000001,0.85,0.3159089779300614,0.515883243844312,1.0,0.0,0.0,0.0,0.0,0.6666666666666666
2026-09-01,SPX,index,3,T4,0.4217971014492753,0.5333333333333333,0.9304347826086956,0.85,0.8895943400983922,1.1086357931404236,0.3333333333333333,1.0,0.3333333333333333,0.3333333333333333,1.0,0.3333333333333333
2026-09-01,NDX,index,4,T4,0.3090544871794872,0.4833333333333333,0.639423076923077,1.0,0.23903942753245813,1.039603915553041,0.0,0.6666666666666666,0.6666666666666666,0.6666666666666666,0.3333333333333333,1.0
2026-09-02,DOGE,crypto,1,T2,0.5525,0.65,1.0,0.85,1.406985548489867,0.06509152760816016,1.0,1.0,1.0,0.3333333333333333,0.3333333333333333,0.0
2026-09-02,SPX,index,2,T4,0.5209851694915255,0.6875000000000001,0.8915254237288135,0.85,2.4963311327130144,1.1433258098547963,0.5,0.5,,1.0,1.0,0.5
2026-09-02,DJI,index,3,T4,0.3946800000000001,0.6000000000000001,0.6578,1.0,2.422722195213385,0.8257302498035471,,,0.5,0.6666666666666666,0.6666666666666666,
2026-09-02,SOL,crypto,4,T4,0.1275,0.15,1.0,0.85,0.0171323381944528,0.01708421956669839,0.0,0.0,0.0,0.0,0.0,1.0
2026-09-03,XRP,crypto,1,T3,0.4108333333333334,0.5,0.9666666666666668,0.85,0.4382390466212145,1.667086657660021,1.0,1.0,0.0,0.0,0.0,1.0
2026-09-03,DJI,index,2,T4,0.6575066666666668,0.7333333333333334,0.8966000000000001,1.0,0.9946753405760451,2.4020244996810445,,,1.0,1.0,0.3333333333333333,
2026-09-03,SOL,crypto,3,T4,0.5524999999999999,0.6499999999999999,1.0,0.85,0.524618402200369,1.4898744920960292,0.5,0.5,0.6666666666666666,0.6666666666666666,1.0,0.5
2026-09-03,SPX,index,4,T4,0.23333333333333334,0.23333333333333334,1.0,1.0,0.9540902979424245,2.423730930860938,0.0,0.0,0.3333333333333333,0.3333333333333333,0.6666666666666666,0.0
2026-09-04,SOL,crypto,1,T3,0.4674999999999999,0.5499999999999999,1.0,0.85,0.7538045444123257,0.9127170240033677,1.0,1.0,0.0,0.5,0.0,1.0
2026-09-04,BTC,crypto,2,T4,0.456875,0.5375,1.0,0.85,0.16296061399523112,0.7245733212465509,0.25,0.0,1.0,1.0,0.5,0.5
2026-09-04,SPX,index,3,T4,0.36830357142857145,0.41250000000000003,0.8928571428571428,1.0,0.8543145123692983,0.852841160234811,0.25,0.5,0.5,0.0,1.0,0.0
2026-09-05,BTC,crypto,1,T2,0.5525,0.65,1.0,0.85,0.02390969003787112,0.1581674315291819,1.0,1.0,1.0,1.0,0.0,0.0
2026-09-05,ETH,crypto,2,T4,0.2975,0.35,1.0,0.85,0.3025898172795859,0.2721329116369547,0.0,0.0,0.0,0.0,1.0,1.0
2026-09-07,XRP,crypto,1,T2,0.7763333333333333,1.0,0.9133333333333333,0.85,1.8826570962632865,0.2379460757058918,1.0,1.0,1.0,1.0,1.0,1.0
2026-09-07,DOGE,crypto,2,T4,0.0,0.0,1.0,0.85,0.3516205246454081,0.10283738215636666,0.0,0.0,0.0,0.0,0.0,0.0
2026-09-08,SOL,crypto,1,T2,0.53125,0.625,1.0,0.85,0.0293542558208167,0.13372011636216655,0.5,0.5,1.0,1.0,0.0,1.0
2026-09-08,DOGE,crypto,2,T3,0.6109374999999999,0.7187499999999999,1.0,0.85,0.41646481935530894,0.07814236943735967,1.0,1.0,0.5,0.5,,0.5
2026-09-08,SPX,index,3,T4,0.17931034482758623,0.2,0.896551724137931,1.0,0.977082709495987,0.8737639079465597,0.0,0.0,0.0,0.0,1.0,0.0
2026-09-09,SPX,index,1,T1,0.8260000000000001,0.8750000000000001,0.944,1.0,1.2866503705811503,0.9501024628953393,1.0,1.0,,0.0,1.0,1.0
2026-09-09,BTC,crypto,2,T4,0.17,0.2,1.0,0.85,0.602486866120474,0.009304408430390185,0.0,0.0,0.5,1.0,0.0,0.0
2026-09-11,DOGE,crypto,1,T2,0.8166666666666667,0.8166666666666667,1.0,1.0,0.2380169174497028,0.050776780056475825,1.0,1.0,1.0,1.0,0.3333333333333333,0.6666666666666666
2026-09-11,ETH,crypto,2,T4,0.49583333333333335,0.5833333333333334,1.0,0.85,0.6809799590298793,1.3708712603264686,0.6666666666666666,0.6666666666666666,0.3333333333333333,0.3333333333333333,1.0,0.3333333333333333
2026-09-11,XRP,crypto,3,T4,0.4216000000000001,0.5166666666666667,0.9600000000000001,0.85,0.3206973476901563,0.08207088943210318,0.0,0.3333333333333333,0.6666666666666666,0.6666666666666666,0.6666666666666666,1.0
2026-09-11,BTC,crypto,4,T4,0.07083333333333333,0.08333333333333333,1.0,0.85,0.07763325963345914,0.13623224107839133,0.3333333333333333,0.0,0.0,0.0,0.0,0.0
2026-09-12,ETH,crypto,1,T3,0.38249999999999995,0.44999999999999996,1.0,0.85,0.7303459973553101,0.2935416104877231,1.0,1.0,0.3333333333333333,0.3333333333333333,0.0,0.0
2026-09-12,BTC,crypto,2,T4,0.5383333333333333,0.6333333333333333,1.0,0.85,0.13674749040041423,0.07877364391734872,0.6666666666666666,0.6666666666666666,0.6666666666666666,0.6666666666666666,0.5,0.6666666666666666
2026-09-12,XRP,crypto,3,T4,0.4269833333333334,0.55,0.9133333333333333,0.85,0.4512715418676493,0.2829248119029635,0.0,0.0,1.0,1.0,1.0,0.3333333333333333
2026-09-12,SOL,crypto,4,T4,0.2967066666666667,0.3666666666666667,0.952,0.85,0.3352834897153128,0.1694625234741622,0.3333333333333333,0.3333333333333333,0.0,0.0,0.5,1.0
2026-09-13,XRP,crypto,1,T3,0.5422999999999999,0.7249999999999999,0.88,0.85,2.7331201925885433,0.13221883379385835,1.0,1.0,0.5,1.0,0.5,0.5
2026-09-13,SOL,crypto,2,T4,0.4781250000000001,0.5625000000000001,1.0,0.85,0.14808657681187476,0.13793712102562838,0.0,0.5,,0.5,1.0,1.0
2026-09-13,BTC,crypto,3,T4,0.15625,0.15625,1.0,1.0,1.403022119449486,0.13764891936473556,0.5,0.0,,0.0,0.0,0.0
2026-09-14,DJI,index,1,T1,0.5181324324324325,0.7000000000000001,0.8708108108108108,0.85,1.079940756082444,0.25847233132952707,,,1.0,1.0,0.25,
2026-09-14,NDX,index,2,T3,0.46961538461538455,0.6749999999999999,0.6957264957264957,1.0,1.2379937486273151,0.7303304399918764,1.0,1.0,0.5,0.75,0.0,1.0
2026-09-14,SOL,crypto,3,T4,0.53125,0.625,1.0,0.85,0.31932907465360416,0.7525474307803582,0.6666666666666666,0.3333333333333333,,0.5,1.0,0.3333333333333333
2026-09-14,BTC,crypto,4,T4,0.4479166666666667,0.4479166666666667,1.0,1.0,2.4822550584291276,1.4336857933992682,0.3333333333333333,0.0,,0.25,0.75,0.6666666666666666
2026-09-14,SPX,index,5,T4,0.14048611111111112,0.16666666666666669,0.9916666666666667,0.85,1.1051601335017518,0.6926415743176018,0.0,0.6666666666666666,0.0,0.0,0.5,0.0
2026-09-15,SPX,index,1,T1,0.32583333333333336,0.38333333333333336,1.0,0.85,0.8291407652624797,1.0924181756537317,0.0,0.3333333333333333,0.3333333333333333,0.3333333333333333,1.0,0.3333333333333333
2026-09-15,NDX,index,2,T3,0.39572649572649576,0.5,0.7914529914529915,1.0,0.06705675482545585,1.2151116344368111,1.0,1.0,0.0,0.0,0.0,1.0
2026-09-15,BTC,crypto,3,T4,0.5666666666666667,0.5666666666666667,1.0,1.0,0.2509677147933174,2.4163810641177736,0.6666666666666666,0.6666666666666666,0.6666666666666666,0.6666666666666666,0.6666666666666666,0.0
2026-09-15,SOL,crypto,4,T4,0.28049999999999997,0.5499999999999999,0.6,0.85,0.0861038193460974,1.6828907845197587,0.3333333333333333,0.0,1.0,1.0,0.3333333333333333,0.6666666666666666
2026-09-16,BTC,crypto,1,T2,0.55,0.55,1.0,1.0,0.6269056906771667,0.23222827209038868,1.0,0.0,1.0,1.0,0.0,0.0
2026-09-16,SOL,crypto,2,T4,0.45866666666666667,0.5333333333333333,0.86,1.0,0.8472568317112202,0.0962138917799455,0.3333333333333333,0.3333333333333333,0.6666666666666666,0.3333333333333333,1.0,0.3333333333333333
2026-09-16,ETH,crypto,3,T4,0.3966666666666666,0.4666666666666666,1.0,0.85,0.5975474170788059,0.09239561621163507,0.6666666666666666,0.6666666666666666,0.3333333333333333,0.0,0.3333333333333333,0.6666666666666666
2026-09-16,DOGE,crypto,4,T4,0.38250000000000006,0.45000000000000007,1.0,0.85,0.3498777814778949,0.4367438041321185,0.0,1.0,0.0,0.6666666666666666,0.6666666666666666,1.0
2026-09-17,XRP,crypto,1,T2,0.4675,0.55,1.0,0.85,2.3082633401977257,0.3114353765751871,1.0,1.0,1.0,0.0,0.0,0.0
2026-09-17,SOL,crypto,2,T4,0.6166666666666666,0.6166666666666666,1.0,1.0,2.683834095034026,1.042596832816234,0.3333333333333333,0.0,0.6666666666666666,1.0,1.0,0.6666666666666666
2026-09-17,ETH,crypto,3,T4,0.35416666666666663,0.41666666666666663,1.0,0.85,0.9847555397489917,1.0040949835410442,0.0,0.6666666666666666,0.3333333333333333,0.6666666666666666,0.3333333333333333,1.0
2026-09-17,DOGE,crypto,4,T4,0.35416666666666663,0.41666666666666663,1.0,0.85,0.3984618845215608,0.6978474709761123,0.6666666666666666,0.3333333333333333,0.0,0.3333333333333333,0.6666666666666666,0.3333333333333333
2026-09-18,NDX,index,1,T2,0.4217948717948718,0.5833333333333334,0.7230769230769231,1.0,3.692529055786288,0.46579443021205613,0.6666666666666666,0.6666666666666666,1.0,1.0,0.0,0.3333333333333333
2026-09-18,ETH,crypto,2,T3,0.5950000000000001,0.7000000000000001,1.0,0.85,0.15219482904308662,3.0322461168480674,1.0,0.0,0.3333333333333333,0.3333333333333333,1.0,1.0
2026-09-18,SOL,crypto,3,T4,0.5001333333333333,0.5166666666666666,0.9680000000000001,1.0,1.0088422182840544,3.8640004581777596,0.3333333333333333,1.0,0.6666666666666666,0.6666666666666666,0.6666666666666666,0.0
2026-09-18,DJI,index,4,T4,0.1604561403508772,0.2,0.9438596491228071,0.85,0.9363941099412455,0.22414288946456687,0.0,0.3333333333333333,0.0,0.0,0.3333333333333333,0.6666666666666666
2026-09-19,SOL,crypto,1,T3,0.5976,0.6,0.996,1.0,0.5425857845579971,0.2535185877518514,1.0,0.0,0.0,0.0,1.0,1.0
2026-09-19,ETH,crypto,2,T4,0.34,0.4,1.0,0.85,0.0508836546379042,0.36325260772528284,0.0,1.0,1.0,1.0,0.0,0.0
2026-09-20,ETH,crypto,1,T2,0.8,0.8,1.0,1.0,2.025788957409137,0.1792682920883275,1.0,1.0,1.0,1.0,0.0,1.0
2026-09-20,BTC,crypto,2,T4,0.17,0.2,1.0,0.85,2.7949490097301206,0.22325674462676715,0.0,0.0,0.0,0.0,1.0,0.0
2026-09-21,XRP,crypto,1,T3,0.31914666666666663,0.5333333333333333,0.704,0.85,2.4039629411122267,1.8428115257789954,1.0,0.0,0.3333333333333333,0.6666666666666666,0.0,1.0
2026-09-21,SPX,index,2,T4,0.43795731707317065,0.5416666666666666,0.9512195121951219,0.85,0.12092834826172028,2.8756492516821077,0.0,1.0,1.0,1.0,0.3333333333333333,0.5
2026-09-21,BTC,crypto,3,T4,0.40375,0.475,1.0,0.85,0.2425506063068344,2.8073756236303518,0.5,0.5,0.6666666666666666,0.3333333333333333,0.6666666666666666,0.0
2026-09-21,DJI,index,4,T4,0.26010000000000005,0.4,0.765,0.85,0.57288215063751,1.0025553625341812,,,0.0,0.0,1.0,
2026-09-22,DJI,index,1,T2,0.7943859649122808,0.8,0.9929824561403509,1.0,0.9401800434755057,0.5886853668650395,1.0,0.0,1.0,1.0,0.5,1.0
2026-09-22,BTC,crypto,2,T4,0.34,0.4,1.0,0.85,1.0035821745040048,0.2054374568673607,0.0,0.5,0.5,0.5,1.0,0.0
2026-09-22,SPX,index,3,T4,0.2181063829787234,0.3,0.8553191489361702,0.85,1.0796168013567224,0.10636380883479911,0.5,1.0,0.0,0.0,0.0,0.5
2026-09-23,SPX,index,1,T3,0.63937106918239,0.7666666666666666,0.8339622641509434,1.0,0.03266683676025333,1.0869648411798702,1.0,1.0,0.6666666666666666,0.3333333333333333,1.0,0.3333333333333333
2026-09-23,SOL,crypto,2,T4,0.49583333333333324,0.5833333333333333,1.0,0.85,1.4240592805499854,0.8919468365053634,0.6666666666666666,0.6666666666666666,0.3333333333333333,0.6666666666666666,0.3333333333333333,1.0
2026-09-23,DOGE,crypto,3,T4,0.30000000000000004,0.30000000000000004,1.0,1.0,2.362534504975787,1.844756150032887,0.0,0.0,1.0,1.0,0.0,0.0
2026-09-23,BTC,crypto,4,T4,0.2975,0.35,1.0,0.85,0.06141596392764513,1.0009842523722248,0.3333333333333333,0.3333333333333333,0.0,0.0,0.6666666666666666,0.6666666666666666
2026-09-24,ETH,crypto,1,T3,0.36124999999999996,0.425,1.0,0.85,0.7451462215899338,0.31099102402199263,1.0,1.0,0.0,0.0,0.0,0.5
2026-09-24,SOL,crypto,2,T4,0.5950000000000001,0.7000000000000001,1.0,0.85,3.1134686864100476,0.7136624344539375,0.0,0.5,1.0,1.0,1.0,1.0
2026-09-24,BTC,crypto,3,T4,0.375,0.375,1.0,1.0,0.25752637857781174,0.0657084165525275,0.5,0.0,0.5,0.5,0.5,0.0
2026-09-25,XRP,crypto,1,T3,0.3779666666666666,0.4833333333333333,0.9199999999999999,0.85,1.6702414673108719,0.4803650905643325,1.0,0.6666666666666666,0.0,0.0,0.3333333333333333,0.6666666666666666
2026-09-25,BTC,crypto,2,T4,0.75,0.75,1.0,1.0,0.023003698444855503,0.2636180135216868,0.6666666666666666,1.0,0.6666666666666666,1.0,1.0,0.3333333333333333
2026-09-25,SOL,crypto,3,T4,0.37229999999999996,0.5,0.876,0.85,0.534175278631223,1.0242039096662199,0.3333333333333333,0.3333333333333333,0.3333333333333333,0.3333333333333333,0.6666666666666666,1.0
2026-09-25,NDX,index,4,T4,0.15126222222222221,0.26666666666666666,0.6673333333333333,0.85,0.7377476275206253,0.3200617599329604,0.0,0.0,1.0,0.6666666666666666,0.0,0.0
2026-09-26,SOL,crypto,1,T3,0.50456,0.7000000000000001,0.848,0.85,0.2777488306135239,0.1963421730454902,1.0,1.0,0.0,0.0,1.0,1.0
2026-09-26,BTC,crypto,2,T4,0.30000000000000004,0.30000000000000004,1.0,1.0,0.4077620377842035,0.02295249062395269,0.0,0.0,1.0,1.0,0.0,0.0
2026-09-28,DJI,index,1,T1,0.45900000000000013,0.6000000000000001,0.9,0.85,0.528069173911762,0.6437726202656835,,,0.5,0.0,1.0,
2026-09-28,NDX,index,2,T1,0.3430964187327824,0.5,0.6861928374655648,1.0,0.052422552416938176,0.7654737218256441,0.0,0.0,1.0,1.0,0.25,1.0
2026-09-28,SPX,index,3,T1,0.2946666666666667,0.4,0.8666666666666667,0.85,0.39985531071288566,0.7127901646243844,0.3333333333333333,0.3333333333333333,0.0,0.3333333333333333,0.75,0.6666666666666666
2026-09-28,ETH,crypto,4,T3,0.5489583333333332,0.6458333333333333,1.0,0.85,0.37302068945182976,0.017866520017040727,1.0,1.0,,0.6666666666666666,0.5,0.0
2026-09-28,DOGE,crypto,5,T4,0.3804761904761904,0.4047619047619047,0.94,1.0,0.011095393387768533,0.6515712867521678,0.6666666666666666,0.6666666666666666,,,0.0,0.3333333333333333
2026-09-29,XRP,crypto,1,T3,0.45692222222222223,0.6833333333333332,0.7866666666666667,0.85,0.435041598663274,0.19868582885953992,1.0,0.0,0.6666666666666666,0.0,1.0,0.6666666666666666
2026-09-29,DOGE,crypto,2,T4,0.592,0.6166666666666667,0.96,1.0,0.2722159976787604,0.18278232463187205,0.0,0.3333333333333333,1.0,1.0,0.6666666666666666,1.0
2026-09-29,ETH,crypto,3,T4,0.38249999999999995,0.44999999999999996,1.0,0.85,1.0130134116899123,0.06370984022958925,0.6666666666666666,0.6666666666666666,0.3333333333333333,0.3333333333333333,0.3333333333333333,0.3333333333333333
2026-09-29,SPX,index,4,T4,0.18634615384615383,0.25,0.8769230769230769,0.85,0.2963514679188922,0.3882553884804198,0.3333333333333333,1.0,0.0,0.6666666666666666,0.0,0.0
2026-09-30,NDX,index,1,T1,0.367396694214876,0.42499999999999993,0.8644628099173554,1.0,0.0976613606891906,0.5481463268167004,0.25,0.25,1.0,1.0,0.0,0.25
2026-09-30,ETH,crypto,2,T2,0.57375,0.675,1.0,0.85,0.24054469741391796,0.23442203131644945,0.75,0.0,0.75,0.75,0.75,0.75
2026-09-30,SOL,crypto,3,T3,0.38079999999999997,0.5,0.896,0.85,0.893708190368782,0.09245191257168535,1.0,0.75,0.25,0.25,0.5,0.0
2026-09-30,DOGE,crypto,4,T4,0.43200000000000005,0.45000000000000007,0.96,1.0,0.37138494200398253,0.007243878690068047,0.0,1.0,0.0,0.0,1.0,1.0
2026-09-30,SPX,index,5,T4,0.3579107142857143,0.45,0.9357142857142857,0.85,0.31853615346304726,0.29760234942458264,0.5,0.5,0.5,0.5,0.25,0.5
