date,ticker,pick_ts,mkt_volume_24h,mkt_open_interest,prev_event_date,mkt_volume_delta_1d,mkt_oi_delta_1d,volume_floor,mkt_ladder_depth,has_market_evidence,mkt_prob_delta_1d,mkt_prob_range_1d,atm_strike_tracked,n_prob_points,band_strikes,band_traded,zero_trade_market_pct,avg_spread,sources_available,feature_asof_ts,money_flow_floored
2026-08-04,BTC,2026-08-04T19:00:00+00:00,1595231.59,639453.96,2026-08-03,-19.729648954243007,-4.389114292974106,,80,True,0.45999999999999996,0.45999999999999996,63249.99,4.0,11,11,0.0,0.010000000000000004,1,2026-08-04T19:00:00+00:00,
2026-08-05,BTC,2026-08-05T19:00:00+00:00,1666892.03,720742.6,2026-08-04,4.492165303722451,12.71219588662802,,80,True,0.52,0.52,63999.99,4.0,11,11,0.0,0.01090909090909091,1,2026-08-05T19:00:00+00:00,
2026-08-06,BTC,2026-08-06T19:00:00+00:00,1842490.54,798069.49,2026-08-05,10.534486147852062,10.728780288552397,,80,True,-0.28500000000000003,0.42000000000000004,64499.99,4.0,11,11,0.0,0.012727272727272726,1,2026-08-06T19:00:00+00:00,
2026-08-07,BTC,2026-08-07T19:00:00+00:00,1544293.09,1225201.11,2026-08-06,-16.184476583526987,53.52060507913918,,50,True,0.405,0.485,64499.99,4.0,5,5,0.0,0.02000000000000001,1,2026-08-07T19:00:00+00:00,
2026-08-08,BTC,2026-08-08T19:00:00+00:00,1038645.43,495860.6,2026-08-07,-32.74298533576939,-59.52822798209839,,80,True,0.16000000000000003,0.16000000000000003,64999.99,4.0,11,11,0.0,0.013636363636363643,1,2026-08-08T19:00:00+00:00,
2026-08-09,BTC,2026-08-09T19:00:00+00:00,982068.08,404709.48,2026-08-08,-5.447224660681371,-18.382408281682395,,80,True,0.38500000000000006,0.49500000000000005,64999.99,4.0,11,11,0.0,0.01363636363636363,1,2026-08-09T19:00:00+00:00,
2026-08-10,BTC,2026-08-10T19:00:00+00:00,1586242.06,719832.5800000001,2026-08-09,61.5205801210849,77.86402730175732,,80,True,-0.47,0.645,64999.99,4.0,11,11,0.0,0.011818181818181827,1,2026-08-10T19:00:00+00:00,
2026-08-11,BTC,2026-08-11T19:00:00+00:00,1612977.55,657663.6,2026-08-10,1.685460918871362,-8.636588802357359,,80,True,-0.5,0.725,63999.99,4.0,11,11,0.0,0.010000000000000004,1,2026-08-11T19:00:00+00:00,
2026-08-12,BTC,2026-08-12T19:00:00+00:00,1276749.71,639276.43,2026-08-11,-20.845165513927956,-2.7958320940979386,,80,True,-0.41,0.6399999999999999,63749.99,4.0,11,11,0.0,0.009999999999999993,1,2026-08-12T19:00:00+00:00,
2026-08-13,BTC,2026-08-13T19:00:00+00:00,1849507.84,787223.74,2026-08-12,44.860643046474635,23.142932080258284,1032987.6950000001,80,True,-0.405,0.605,63499.99,4.0,11,11,0.0,0.011818181818181823,1,2026-08-13T19:00:00+00:00,
2026-08-14,BTC,2026-08-14T19:00:00+00:00,2057795.59,1312040.88,2026-08-13,11.261793299562338,66.66683349767881,1038645.43,50,True,-0.45499999999999996,0.45499999999999996,63499.99,4.0,5,5,0.0,0.014000000000000007,1,2026-08-14T19:00:00+00:00,
2026-08-15,BTC,2026-08-15T19:00:00+00:00,1269716.15,625191.5599999999,2026-08-14,-38.29726547329223,-52.34968898225183,1062455.858,80,True,0.034999999999999976,0.13500000000000006,62999.99,4.0,11,11,0.0,0.013636363636363636,1,2026-08-15T19:00:00+00:00,
2026-08-16,BTC,2026-08-16T19:00:00+00:00,1271646.25,463110.4,2026-08-15,0.15201035286509512,-25.92503967903852,1084859.574,80,True,0.25,0.35000000000000003,62999.99,4.0,11,11,0.0,0.011818181818181823,1,2026-08-16T19:00:00+00:00,
2026-08-17,BTC,2026-08-17T19:00:00+00:00,1933627.86,661666.5,2026-08-16,52.05705674828987,42.874463626815555,1107966.646,80,True,0.5549999999999999,0.5549999999999999,62999.99,4.0,11,11,0.0,0.010909090909090913,1,2026-08-17T19:00:00+00:00,
2026-08-18,BTC,2026-08-18T19:00:00+00:00,1443674.59,655074.8099999999,2026-08-17,-25.338550407522575,-0.9962254398552806,1131073.718,80,True,0.4149999999999999,0.55,64249.99,4.0,11,11,0.0,0.010909090909090906,1,2026-08-18T19:00:00+00:00,
2026-08-19,BTC,2026-08-19T19:00:00+00:00,2736344.41,1178371.92,2026-08-18,89.54024881742914,79.88356474888722,1154180.79,80,True,0.5,0.65,64499.99,4.0,11,11,0.0,0.013636363636363648,1,2026-08-19T19:00:00+00:00,
2026-08-20,BTC,2026-08-20T19:00:00+00:00,2495438.48,1014846.38,2026-08-19,-8.803933054611356,-13.87724344280029,1177287.862,100,True,0.475,0.475,69249.99,4.0,12,12,0.0,0.01666666666666666,1,2026-08-20T19:00:00+00:00,
2026-08-21,BTC,2026-08-21T19:00:00+00:00,3935499.1,2194917.42,2026-08-20,57.70771876532097,116.28075571398301,1200394.934,130,True,0.43499999999999994,0.43499999999999994,73499.99,4.0,31,31,0.0,0.03225806451612904,1,2026-08-21T19:00:00+00:00,
2026-08-22,BTC,2026-08-22T19:00:00+00:00,2332999.73,1272210.27,2026-08-21,-40.719088717362425,-42.03835377095872,1223502.006,80,True,-0.46499999999999997,0.46499999999999997,77999.99,4.0,13,13,0.0,0.01384615384615384,1,2026-08-22T19:00:00+00:00,
2026-08-23,BTC,2026-08-23T19:00:00+00:00,1563024.22,728862.96,2026-08-22,-33.003669057432774,-42.70892342348408,1246609.078,80,True,0.09999999999999998,0.415,77249.99,4.0,13,13,0.0,0.01,1,2026-08-23T19:00:00+00:00,
2026-08-24,BTC,2026-08-24T19:00:00+00:00,2416411.71,1016438.65,2026-08-23,54.598481525769316,39.455385412917686,1269716.15,80,True,0.48,0.55,77749.99,4.0,13,13,0.0,0.014615384615384617,1,2026-08-24T19:00:00+00:00,
2026-08-25,BTC,2026-08-25T19:00:00+00:00,1852214.88,895368.54,2026-08-24,-23.34853897889777,-11.911206839684818,1269909.16,80,True,-0.42,0.595,79749.99,4.0,13,13,0.0,0.012307692307692306,1,2026-08-25T19:00:00+00:00,
2026-08-26,BTC,2026-08-26T19:00:00+00:00,1228513.93,599872.09,2026-08-25,-33.67325015767069,-33.00277336078841,1270102.17,80,True,-0.06000000000000005,0.20500000000000002,78499.99,4.0,13,13,0.0,0.01384615384615385,1,2026-08-26T19:00:00+00:00,
2026-08-27,BTC,2026-08-27T19:00:00+00:00,1612035.1,638770.95,2026-08-26,,6.484525726142709,1240874.596,80,True,0.49,0.49,78749.99,4.0,13,13,0.0,0.016923076923076923,1,2026-08-27T19:00:00+00:00,True
2026-08-28,BTC,2026-08-28T19:00:00+00:00,2686214.95,1781489.26,2026-08-27,66.6350161978483,178.89328091704863,1244994.818,50,True,-0.515,0.515,80499.99,4.0,7,7,0.0,0.010000000000000005,1,2026-08-28T19:00:00+00:00,
2026-08-29,BTC,2026-08-29T19:00:00+00:00,1515465.78,723308.11,2026-08-28,-43.583599666884446,-59.39868253822647,1249115.04,80,True,0.46499999999999997,0.6749999999999999,77749.99,4.0,13,13,0.0,0.016923076923076926,1,2026-08-29T19:00:00+00:00,
2026-08-30,BTC,2026-08-30T19:00:00+00:00,1610830.36,584181.02,2026-08-29,6.29275706905108,-19.23483064499304,1253235.2619999999,80,True,0.5149999999999999,0.5149999999999999,78249.99,4.0,13,13,0.0,0.01615384615384615,1,2026-08-30T19:00:00+00:00,
2026-08-31,BTC,2026-08-31T19:00:00+00:00,1804328.23,740745.15,2026-08-30,12.012305876827401,26.80061909577274,1257355.484,80,True,0.5,0.52,77999.99,4.0,13,13,0.0,0.010000000000000005,1,2026-08-31T19:00:00+00:00,
2026-09-01,BTC,2026-09-01T19:00:00+00:00,1820223.11,694913.48,2026-08-31,0.8809306275721296,-6.1872386204621215,1261475.706,80,True,-0.52,0.57,78499.99,4.0,13,13,0.0,0.017692307692307688,1,2026-09-01T19:00:00+00:00,
2026-09-02,BTC,2026-09-02T19:00:00+00:00,1725590.34,709281.57,2026-09-01,-5.198965416937273,2.0676084740793854,1265595.9279999998,80,True,0.17000000000000004,0.41500000000000004,77249.99,4.0,13,13,0.0,0.012307692307692316,1,2026-09-02T19:00:00+00:00,
2026-09-03,BTC,2026-09-03T19:00:00+00:00,2432329.99,1121915.5,2026-09-02,40.95639814488068,58.176321992971005,1265595.9279999998,80,True,0.47,0.47,76999.99,4.0,13,13,0.0,0.00999999999999999,1,2026-09-03T19:00:00+00:00,
2026-09-04,BTC,2026-09-04T19:00:00+00:00,2965788.61,1759936.03,2026-09-03,21.932000271065167,56.86885777048272,1265595.9279999998,50,True,-0.475,0.475,80999.99,4.0,7,7,0.0,0.010000000000000005,1,2026-09-04T19:00:00+00:00,
2026-09-05,BTC,2026-09-05T19:00:00+00:00,1624836.85,679687.03,2026-09-04,-45.21400330012057,-61.38001504520594,1265595.9279999998,80,True,0.4049999999999999,0.4049999999999999,79499.99,4.0,13,13,0.0,0.011538461538461546,1,2026-09-05T19:00:00+00:00,
2026-09-06,BTC,2026-09-06T19:00:00+00:00,1085164.9,446528.91,2026-09-05,-33.2139162156496,-34.30374712314285,1265595.9279999998,80,True,-0.044999999999999984,0.06499999999999995,79999.99,4.0,13,13,0.0,0.01153846153846154,1,2026-09-06T19:00:00+00:00,
2026-09-07,BTC,2026-09-07T19:00:00+00:00,1647179.63,731777.3,2026-09-06,,63.88128150537893,1214179.027,80,True,-0.45499999999999996,0.45499999999999996,80249.99,4.0,13,13,0.0,0.010769230769230774,1,2026-09-07T19:00:00+00:00,True
2026-09-08,BTC,2026-09-08T19:00:00+00:00,1573375.77,544679.55,2026-09-07,-4.480620003781855,-25.567580464712414,1265595.9279999998,80,True,-0.495,0.495,79249.99,4.0,13,13,0.0,0.013846153846153859,1,2026-09-08T19:00:00+00:00,
2026-09-09,BTC,2026-09-09T19:00:00+00:00,1339389.52,482207.82,2026-09-08,-14.871606291483698,-11.469446576431963,1271453.24,80,True,-0.33999999999999997,0.615,78749.99,4.0,13,13,0.0,0.011538461538461536,1,2026-09-09T19:00:00+00:00,
2026-09-10,BTC,2026-09-10T19:00:00+00:00,1363589.6,542027.33,2026-09-09,1.8067992647874398,12.4053380138049,1271453.24,80,True,-0.43999999999999995,0.525,78249.99,4.0,13,13,0.0,0.01076923076923077,1,2026-09-10T19:00:00+00:00,
2026-09-11,BTC,2026-09-11T19:00:00+00:00,2809013.98,1391122.54,2026-09-10,106.00142300879969,156.6517337788115,1271453.24,50,True,0.06000000000000005,0.32999999999999996,76999.99,4.0,7,7,0.0,0.011428571428571432,1,2026-09-11T19:00:00+00:00,
2026-09-12,BTC,2026-09-12T19:00:00+00:00,1181796.56,579735.56,2026-09-11,-57.92842013552385,-58.3260609090555,1271453.24,80,True,-0.24,0.32999999999999996,77249.99,4.0,13,13,0.0,0.010769230769230774,1,2026-09-12T19:00:00+00:00,
2026-09-13,BTC,2026-09-13T19:00:00+00:00,812408.2,321826.31,2026-09-12,,-44.48739525310471,1265595.9279999998,80,True,0.18500000000000005,0.48000000000000004,77249.99,4.0,13,13,0.0,0.013076923076923087,1,2026-09-13T19:00:00+00:00,True
2026-09-14,BTC,2026-09-14T19:00:00+00:00,1490079.7,706641.7,2026-09-13,,119.57238362519212,1223842.193,80,True,0.48,0.48,76749.99,4.0,13,13,0.0,0.011538461538461544,1,2026-09-14T19:00:00+00:00,True
2026-09-15,BTC,2026-09-15T19:00:00+00:00,3017564.91,1435612.67,2026-09-14,102.51030263683214,103.15991399884834,1223842.193,80,True,-0.48,0.48,77999.99,4.0,13,13,0.0,0.013846153846153845,1,2026-09-15T19:00:00+00:00,
2026-09-16,BTC,2026-09-16T19:00:00+00:00,2238952.71,960500.46,2026-09-15,-25.80266616369158,-33.09473508617056,1223842.193,80,True,-0.09999999999999998,0.18999999999999995,75749.99,4.0,13,13,0.0,0.014615384615384629,1,2026-09-16T19:00:00+00:00,
2026-09-17,BTC,2026-09-17T19:00:00+00:00,1687843.2,724774.35,2026-09-16,-24.61461144483038,-24.542009068897276,1223842.193,80,True,0.30999999999999994,0.30999999999999994,76249.99,4.0,13,13,0.0,0.010769230769230774,1,2026-09-17T19:00:00+00:00,
2026-09-18,BTC,2026-09-18T19:00:00+00:00,3180485.43,1688539.43,2026-09-17,88.43488719805252,132.9745016500653,1223842.193,50,True,0.48,0.48,76499.99,4.0,7,7,0.0,0.010000000000000004,1,2026-09-18T19:00:00+00:00,
2026-09-19,BTC,2026-09-19T19:00:00+00:00,1862272.65,783849.52,2026-09-18,-41.44690516629721,-53.57825194523292,1223842.193,80,True,-0.17000000000000004,0.3400000000000001,81499.99,4.0,13,13,0.0,0.010769230769230772,1,2026-09-19T19:00:00+00:00,
2026-09-20,BTC,2026-09-20T19:00:00+00:00,1760474.83,698611.09,2026-09-19,-5.4663220232547545,-10.874335931212931,1223842.193,80,True,-0.27,0.43000000000000005,81249.99,4.0,13,13,0.0,0.010769230769230774,1,2026-09-20T19:00:00+00:00,
2026-09-21,BTC,2026-09-21T19:00:00+00:00,2175976.55,883553.27,2026-09-20,23.6016847795546,26.472837698582772,1223842.193,80,True,0.48,0.48,81499.99,4.0,13,13,0.0,0.011538461538461544,1,2026-09-21T19:00:00+00:00,
2026-09-22,BTC,2026-09-22T19:00:00+00:00,1921138.36,932837.16,2026-09-21,-11.711440088818959,5.577919484130267,1223842.193,80,True,0.43499999999999994,0.5349999999999999,85749.99,4.0,13,13,0.0,0.011538461538461546,1,2026-09-22T19:00:00+00:00,
2026-09-23,BTC,2026-09-23T19:00:00+00:00,1826372.95,653283.38,2026-09-22,-4.932773816457459,-29.96812219616123,1223842.193,80,True,-0.48,0.48,86499.99,4.0,13,13,0.0,0.013076923076923087,1,2026-09-23T19:00:00+00:00,
2026-09-24,BTC,2026-09-24T19:00:00+00:00,1630066.88,489496.59,2026-09-23,-10.748410942025831,-25.0713235655865,1223842.193,80,True,0.16000000000000003,0.39000000000000007,84249.99,4.0,13,13,0.0,0.011538461538461536,1,2026-09-24T19:00:00+00:00,
2026-09-25,BTC,2026-09-25T19:00:00+00:00,1922212.41,1771265.63,2026-09-24,17.92230328610811,261.85453917053843,1223842.193,50,True,-0.465,0.465,84499.99,4.0,7,7,0.0,0.012857142857142864,1,2026-09-25T19:00:00+00:00,
2026-09-26,BTC,2026-09-26T19:00:00+00:00,1146966.51,517918.55,2026-09-25,-40.33091743487391,-70.75997291270197,1323630.2240000002,80,True,0.09000000000000002,0.16999999999999993,83999.99,4.0,13,13,0.0,0.012307692307692308,1,2026-09-26T19:00:00+00:00,
2026-09-27,BTC,2026-09-27T19:00:00+00:00,1127698.85,456031.7,2026-09-26,,-11.949147216294909,1178313.5550000002,80,True,0.4099999999999999,0.4099999999999999,84249.99,4.0,13,13,0.0,0.010769230769230774,1,2026-09-27T19:00:00+00:00,True
2026-09-28,BTC,2026-09-28T19:00:00+00:00,1917663.76,612663.31,2026-09-27,,34.346649585982746,1145039.744,80,True,-0.20999999999999996,0.27999999999999997,84249.99,4.0,13,13,0.0,0.010769230769230774,1,2026-09-28T19:00:00+00:00,True
2026-09-29,BTC,2026-09-29T19:00:00+00:00,1577565.02,582041.3,2026-09-28,-17.735055909905707,-4.9981791793603625,1145039.744,80,True,0.38,0.42000000000000004,83249.99,4.0,13,13,0.0,0.012307692307692315,1,2026-09-29T19:00:00+00:00,
2026-09-30,BTC,2026-09-30T19:00:00+00:00,1917589.48,674812.36,2026-09-29,21.55375250396969,15.938913613174854,1145039.744,80,True,0.39,0.585,83499.99,4.0,13,13,0.0,0.011538461538461537,1,2026-09-30T19:00:00+00:00,
2026-08-04,ETH,2026-08-04T19:00:00+00:00,91427.22,49173.66,2026-08-03,9.080867614775222,-8.617506408099029,,40,True,0.385,0.385,1839.99,4.0,1,1,0.0,0.030000000000000027,1,2026-08-04T19:00:00+00:00,
2026-08-05,ETH,2026-08-05T19:00:00+00:00,93644.47,38851.6,2026-08-04,2.4251530342932925,-20.991034631141968,,40,True,0.32499999999999996,0.32499999999999996,1849.99,4.0,1,1,0.0,0.009999999999999995,1,2026-08-05T19:00:00+00:00,
2026-08-06,ETH,2026-08-06T19:00:00+00:00,72989.73,38718.66,2026-08-05,-22.056550696480002,-0.3421738100875982,,40,True,0.235,0.33499999999999996,1889.99,4.0,1,1,0.0,0.019999999999999907,1,2026-08-06T19:00:00+00:00,
2026-08-07,ETH,2026-08-07T19:00:00+00:00,52302.74,59825.8,2026-08-06,-28.342329804480716,54.51412832985439,,50,True,0.365,0.365,1889.99,4.0,1,1,0.0,0.040000000000000036,1,2026-08-07T19:00:00+00:00,
2026-08-08,ETH,2026-08-08T19:00:00+00:00,58697.780000000006,42398.64,2026-08-07,12.226969371011931,-29.12984030301309,,40,True,0.17500000000000004,0.17500000000000004,1899.99,4.0,1,1,0.0,0.020000000000000018,1,2026-08-08T19:00:00+00:00,
2026-08-09,ETH,2026-08-09T19:00:00+00:00,47753.88,37147.65,2026-08-08,-18.644487065780012,-12.384807625904982,,40,True,0.20499999999999996,0.20499999999999996,1899.99,4.0,1,1,0.0,0.07,1,2026-08-09T19:00:00+00:00,
2026-08-10,ETH,2026-08-10T19:00:00+00:00,83525.13,50246.98,2026-08-09,74.90752583873814,35.26287665572385,,40,True,-0.625,0.825,1899.99,4.0,1,1,0.0,0.030000000000000027,1,2026-08-10T19:00:00+00:00,
2026-08-11,ETH,2026-08-11T19:00:00+00:00,113391.16,48499.61,2026-08-10,35.75693925887933,-3.4775622335909584,,40,True,0.019999999999999907,0.235,1859.99,4.0,1,1,0.0,0.010000000000000009,1,2026-08-11T19:00:00+00:00,
2026-08-12,ETH,2026-08-12T19:00:00+00:00,63631.76,37670.01,2026-08-11,-43.88296230499803,-22.329251719756094,,40,True,-0.135,0.54,1889.99,4.0,1,1,0.0,0.009999999999999981,1,2026-08-12T19:00:00+00:00,
2026-08-13,ETH,2026-08-13T19:00:00+00:00,82387.6,46433.42,2026-08-12,29.47559520591605,23.2636253613949,51847.854,40,True,-0.12,0.39,1889.99,4.0,1,1,0.0,0.03,1,2026-08-13T19:00:00+00:00,
2026-08-14,ETH,2026-08-14T19:00:00+00:00,147126.47999999998,176988.27,2026-08-13,78.57842685064253,281.16569918821403,52302.74,50,True,-0.32,0.32,1899.99,4.0,1,1,0.0,0.020000000000000018,1,2026-08-14T19:00:00+00:00,
2026-08-15,ETH,2026-08-15T19:00:00+00:00,82000.72,43309.66,2026-08-14,-44.265151997111595,-75.52964385718894,52942.244,40,True,-0.22,0.22,1889.99,4.0,1,1,0.0,0.020000000000000004,1,2026-08-15T19:00:00+00:00,
2026-08-16,ETH,2026-08-16T19:00:00+00:00,68846.94,49988.62,2026-08-15,-16.041054273669786,15.421409449993373,53581.748,40,True,-0.16499999999999998,0.16999999999999998,1889.99,4.0,1,1,0.0,0.04000000000000001,1,2026-08-16T19:00:00+00:00,
2026-08-17,ETH,2026-08-17T19:00:00+00:00,72459.03,36445.19,2026-08-16,5.24655126284479,-27.093026372802452,54221.252,40,True,0.635,0.635,1889.99,4.0,1,1,0.0,0.010000000000000002,1,2026-08-17T19:00:00+00:00,
2026-08-18,ETH,2026-08-18T19:00:00+00:00,72876.81999999999,35036.73,2026-08-17,0.5765879007764818,-3.864597769966349,54860.756,40,True,0.20999999999999996,0.31499999999999995,1889.99,4.0,1,1,0.0,0.010000000000000002,1,2026-08-18T19:00:00+00:00,
2026-08-19,ETH,2026-08-19T19:00:00+00:00,318909.47000000003,124366.72,2026-08-18,337.60069388318544,254.96097952063445,55500.26,40,True,0.76,0.76,1929.99,4.0,3,3,0.0,0.013333333333333343,1,2026-08-19T19:00:00+00:00,
2026-08-20,ETH,2026-08-20T19:00:00+00:00,277223.96,142223.88,2026-08-19,-13.07126752930855,14.358471462461985,56139.764,40,True,0.47,0.48,2259.99,4.0,3,3,0.0,0.023333333333333355,1,2026-08-20T19:00:00+00:00,
2026-08-21,ETH,2026-08-21T19:00:00+00:00,318952.61,281820.11,2026-08-20,15.052324481621282,98.15245512919488,56779.268000000004,50,True,0.42999999999999994,0.42999999999999994,2329.99,4.0,3,3,0.0,0.020000000000000007,1,2026-08-21T19:00:00+00:00,
2026-08-22,ETH,2026-08-22T19:00:00+00:00,232644.84,138858.74,2026-08-21,-27.059747214484307,-50.727880987627174,57418.772000000004,40,True,-0.48,0.48,2519.99,4.0,3,3,0.0,0.026666666666666682,1,2026-08-22T19:00:00+00:00,
2026-08-23,ETH,2026-08-23T19:00:00+00:00,84987.79,43108.07,2026-08-22,-63.468869543807635,-68.95545069759383,58058.276000000005,40,True,0.25000000000000006,0.51,2439.99,4.0,3,3,0.0,0.010000000000000004,1,2026-08-23T19:00:00+00:00,
2026-08-24,ETH,2026-08-24T19:00:00+00:00,247489.03,147276.41,2026-08-23,191.20539550446014,241.64463869526057,58697.780000000006,40,True,-0.044999999999999984,0.355,2479.99,4.0,3,3,0.0,0.019999999999999976,1,2026-08-24T19:00:00+00:00,
2026-08-25,ETH,2026-08-25T19:00:00+00:00,165864.16,121067.66,2026-08-24,-32.981207288258396,-17.795619814469944,59191.17800000001,40,True,-0.41000000000000003,0.45999999999999996,2489.99,4.0,3,3,0.0,0.013333333333333345,1,2026-08-25T19:00:00+00:00,
2026-08-26,ETH,2026-08-26T19:00:00+00:00,118907.7,75794.70999999999,2026-08-25,-28.310190700631168,-37.39475100121702,59684.57600000001,40,True,0.4,0.4,2449.99,4.0,3,3,0.0,0.020000000000000007,1,2026-08-26T19:00:00+00:00,
2026-08-27,ETH,2026-08-27T19:00:00+00:00,139867.66,72738.94,2026-08-26,17.627083864207282,-4.031640202858466,60177.97400000001,40,True,0.32499999999999996,0.32499999999999996,2489.99,4.0,3,3,0.0,0.013333333333333336,1,2026-08-27T19:00:00+00:00,
2026-08-28,ETH,2026-08-28T19:00:00+00:00,237305.35,192601.77,2026-08-27,69.66420257549173,164.78495562349406,60671.372,50,True,-0.43,0.43,2519.99,4.0,3,3,0.0,0.013333333333333329,1,2026-08-28T19:00:00+00:00,
2026-08-29,ETH,2026-08-29T19:00:00+00:00,63657.67,25826.89,2026-08-28,-73.17478514496196,-86.59052302582681,61164.770000000004,40,True,0.25,0.48,2449.99,4.0,3,3,0.0,0.026666666666666682,1,2026-08-29T19:00:00+00:00,
2026-08-30,ETH,2026-08-30T19:00:00+00:00,70841.5,35262.590000000004,2026-08-29,11.285097302493163,36.53440270973394,61658.168000000005,40,True,0.24,0.24,2439.99,4.0,3,3,0.0,0.026666666666666686,1,2026-08-30T19:00:00+00:00,
2026-08-31,ETH,2026-08-31T19:00:00+00:00,83645.06,42491.18,2026-08-30,18.073530345913056,20.499316697951,62151.566000000006,40,True,0.27,0.27,2409.99,3.0,3,0,1.0,,1,2026-08-31T19:00:00+00:00,
2026-09-01,ETH,2026-09-01T19:00:00+00:00,244445.92,62517.46,2026-08-31,192.24190884673885,47.130439775972334,62644.96400000001,40,True,-0.385,0.39999999999999997,2479.99,4.0,3,3,0.0,0.016666666666666673,1,2026-09-01T19:00:00+00:00,
2026-09-02,ETH,2026-09-02T19:00:00+00:00,101838.78,51208.05,2026-09-01,-58.33893239044448,-18.090002376935978,63138.362,40,True,-0.2300000000000001,0.44500000000000006,2399.99,4.0,3,3,0.0,0.013333333333333324,1,2026-09-02T19:00:00+00:00,
2026-09-03,ETH,2026-09-03T19:00:00+00:00,168636.6,79211.86,2026-09-02,65.59173234400491,54.68634326048345,63138.362,40,True,0.59,0.59,2389.99,4.0,3,3,0.0,0.019999999999999973,1,2026-09-03T19:00:00+00:00,
2026-09-04,ETH,2026-09-04T19:00:00+00:00,183396.05,127079.87,2026-09-03,8.75222223408203,60.43035727225694,63138.362,50,True,-0.545,0.605,2489.99,4.0,3,3,0.0,0.020000000000000007,1,2026-09-04T19:00:00+00:00,
2026-09-05,ETH,2026-09-05T19:00:00+00:00,61846.73,38680.87,2026-09-04,-66.27695634666068,-69.56176458159737,63138.362,40,True,0.5349999999999999,0.58,2459.99,4.0,3,3,0.0,0.023333333333333334,1,2026-09-05T19:00:00+00:00,
2026-09-06,ETH,2026-09-06T19:00:00+00:00,75672.93000000001,49647.84,2026-09-05,22.35558775702451,28.352438815362714,61531.83500000001,40,True,0.14,0.18000000000000005,2489.99,4.0,3,3,0.0,0.030000000000000016,1,2026-09-06T19:00:00+00:00,
2026-09-07,ETH,2026-09-07T19:00:00+00:00,91034.28,51103.51,2026-09-06,20.299663300998105,2.9319905961669335,63453.257000000005,40,True,-0.32499999999999996,0.32499999999999996,2529.99,4.0,3,3,0.0,0.023333333333333307,1,2026-09-07T19:00:00+00:00,
2026-09-08,ETH,2026-09-08T19:00:00+00:00,81192.78,48601.28,2026-09-07,-10.810762714880596,-4.896395570480394,63655.079,40,True,-0.13,0.25000000000000006,2489.99,4.0,3,3,0.0,0.02666666666666666,1,2026-09-08T19:00:00+00:00,
2026-09-09,ETH,2026-09-09T19:00:00+00:00,78884.64,47832.23,2026-09-08,-2.842789716031402,-1.5823657319313345,68328.013,40,True,-0.28,0.44999999999999996,2489.99,4.0,3,3,0.0,0.013333333333333343,1,2026-09-09T19:00:00+00:00,
2026-09-10,ETH,2026-09-10T19:00:00+00:00,115249.23,59306.57,2026-09-09,46.09844197805808,23.98872057606345,68328.013,40,True,0.1499999999999999,0.5499999999999999,2459.99,4.0,3,3,0.0,0.01666666666666664,1,2026-09-10T19:00:00+00:00,
2026-09-11,ETH,2026-09-11T19:00:00+00:00,294007.15,154595.3,2026-09-10,155.10552218006146,160.67145680487,68328.013,50,True,0.515,0.515,2459.99,4.0,3,3,0.0,0.023333333333333345,1,2026-09-11T19:00:00+00:00,
2026-09-12,ETH,2026-09-12T19:00:00+00:00,103091.0,60402.05,2026-09-11,-64.93588676329811,-60.92892215998804,70642.044,40,True,-0.125,0.42,2529.99,4.0,3,3,0.0,0.023333333333333334,1,2026-09-12T19:00:00+00:00,
2026-09-13,ETH,2026-09-13T19:00:00+00:00,102981.1,61820.78,2026-09-12,-0.10660484426380235,2.3488110088978775,70642.044,40,True,-0.285,0.29,2539.99,4.0,3,3,0.0,0.03666666666666665,1,2026-09-13T19:00:00+00:00,
2026-09-14,ETH,2026-09-14T19:00:00+00:00,80739.44,47939.64,2026-09-13,-21.59780775307314,-22.453841572364496,70642.044,40,True,0.5449999999999999,0.5449999999999999,2489.99,4.0,3,3,0.0,0.016666666666666673,1,2026-09-14T19:00:00+00:00,
2026-09-15,ETH,2026-09-15T19:00:00+00:00,513894.65,369487.33,2026-09-14,536.4852790655967,670.73446942864,70642.044,40,True,-0.5549999999999999,0.5549999999999999,2499.99,4.0,3,3,0.0,0.023333333333333345,1,2026-09-15T19:00:00+00:00,
2026-09-16,ETH,2026-09-16T19:00:00+00:00,165490.37,80164.5,2026-09-15,-67.79682956419181,-78.30385686026095,72297.277,40,True,-0.10999999999999999,0.14999999999999997,2409.99,4.0,3,3,0.0,0.026666666666666686,1,2026-09-16T19:00:00+00:00,
2026-09-17,ETH,2026-09-17T19:00:00+00:00,204812.86,111943.97,2026-09-16,23.761195288885983,39.64282194737072,72673.288,40,True,0.36,0.36,2399.99,4.0,3,3,0.0,0.013333333333333343,1,2026-09-17T19:00:00+00:00,
2026-09-18,ETH,2026-09-18T19:00:00+00:00,262191.58,205096.26,2026-09-17,28.015193967800677,83.21331644750497,75189.78700000001,50,True,0.53,0.53,2449.99,4.0,3,3,0.0,0.020000000000000014,1,2026-09-18T19:00:00+00:00,
2026-09-19,ETH,2026-09-19T19:00:00+00:00,281382.48,164291.43,2026-09-18,7.319418876838069,-19.895452993633334,75189.78700000001,40,True,0.365,0.365,2619.99,4.0,3,3,0.0,0.026666666666666648,1,2026-09-19T19:00:00+00:00,
2026-09-20,ETH,2026-09-20T19:00:00+00:00,296220.09,162803.19,2026-09-19,5.273110820545779,-0.9058537015594781,75189.78700000001,40,True,-0.175,0.32999999999999996,2639.99,4.0,3,3,0.0,0.026666666666666672,1,2026-09-20T19:00:00+00:00,
2026-09-21,ETH,2026-09-21T19:00:00+00:00,747686.09,437644.71,2026-09-20,152.4089740165834,168.81826455611835,75189.78700000001,40,True,0.42000000000000004,0.5549999999999999,2669.99,4.0,3,3,0.0,0.010000000000000009,1,2026-09-21T19:00:00+00:00,
2026-09-22,ETH,2026-09-22T19:00:00+00:00,109549.23,62279.3,2026-09-21,-85.34823217053564,-85.76943841044029,75189.78700000001,40,True,-0.27,0.27,2769.99,4.0,3,3,0.0,0.016666666666666677,1,2026-09-22T19:00:00+00:00,
2026-09-23,ETH,2026-09-23T19:00:00+00:00,277092.16,150845.5,2026-09-22,152.93848254341907,142.2080851904244,75189.78700000001,40,True,-0.625,0.625,2739.99,4.0,3,3,0.0,0.023333333333333345,1,2026-09-23T19:00:00+00:00,
2026-09-24,ETH,2026-09-24T19:00:00+00:00,165324.33000000002,77566.86,2026-09-23,-40.3359770265604,-48.57860526167502,75189.78700000001,40,True,-0.08499999999999996,0.28500000000000003,2699.99,4.0,3,3,0.0,0.0333333333333333,1,2026-09-24T19:00:00+00:00,
2026-09-25,ETH,2026-09-25T19:00:00+00:00,148030.68,639452.4,2026-09-24,-10.46043858154454,724.3886628903116,75189.78700000001,50,True,-0.11499999999999999,0.365,2699.99,4.0,3,3,0.0,0.016666666666666673,1,2026-09-25T19:00:00+00:00,
2026-09-26,ETH,2026-09-26T19:00:00+00:00,43023.46,28833.38,2026-09-25,-70.93611945847982,-95.49092629881443,75189.78700000001,40,True,-0.24499999999999997,0.24499999999999997,2689.99,4.0,3,3,0.0,0.020000000000000007,1,2026-09-26T19:00:00+00:00,
2026-09-27,ETH,2026-09-27T19:00:00+00:00,56383.69,38100.95,2026-09-26,,32.141809250250915,70123.117,40,True,0.265,0.265,2689.99,4.0,3,3,0.0,0.03333333333333332,1,2026-09-27T19:00:00+00:00,True
2026-09-28,ETH,2026-09-28T19:00:00+00:00,145228.06,64856.87,2026-09-27,,70.22376082486134,63476.576,40,True,0.37,0.56,2659.99,4.0,3,3,0.0,0.013333333333333343,1,2026-09-28T19:00:00+00:00,True
2026-09-29,ETH,2026-09-29T19:00:00+00:00,127807.57,49507.62,2026-09-28,-11.995264551492312,-23.666344058848352,69942.023,40,True,0.245,0.495,2689.99,4.0,3,3,0.0,0.013333333333333341,1,2026-09-29T19:00:00+00:00,
2026-09-30,ETH,2026-09-30T19:00:00+00:00,710326.66,579756.77,2026-09-29,455.77823754883997,1071.0455279409512,74290.31000000001,40,True,0.31000000000000005,0.4149999999999999,2659.99,4.0,3,3,0.0,0.013333333333333345,1,2026-09-30T19:00:00+00:00,
2026-08-04,SOL,2026-08-04T19:00:00+00:00,49470.65,30107.25,2026-08-03,-13.02356156715171,-11.650986292180521,,75,True,0.485,0.485,72.9999,4.0,3,3,0.0,0.026666666666666686,1,2026-08-04T19:00:00+00:00,
2026-08-05,SOL,2026-08-05T19:00:00+00:00,47876.31,22493.75,2026-08-04,-3.222799781284469,-25.28792898720408,,75,True,0.365,0.365,72.9999,4.0,3,3,0.0,0.026666666666666682,1,2026-08-05T19:00:00+00:00,
2026-08-06,SOL,2026-08-06T19:00:00+00:00,46713.93,29514.75,2026-08-05,-2.4278813467453864,31.21311475409836,,75,True,-0.49,0.49,73.9999,4.0,3,3,0.0,0.013333333333333343,1,2026-08-06T19:00:00+00:00,
2026-08-07,SOL,2026-08-07T19:00:00+00:00,44946.97,48281.12,2026-08-06,-3.7825119830423137,63.58302204829789,,50,True,0.45500000000000007,0.45500000000000007,72.9999,4.0,3,3,0.0,0.023333333333333317,1,2026-08-07T19:00:00+00:00,
2026-08-08,SOL,2026-08-08T19:00:00+00:00,54904.54,19673.17,2026-08-07,22.154040639446883,-59.25287151582235,,75,True,0.635,0.635,73.9999,4.0,3,3,0.0,0.026666666666666686,1,2026-08-08T19:00:00+00:00,
2026-08-09,SOL,2026-08-09T19:00:00+00:00,22019.8,17535.78,2026-08-08,-59.89439124706263,-10.864492097613143,,75,True,0.51,0.51,75.9999,4.0,3,3,0.0,0.026666666666666686,1,2026-08-09T19:00:00+00:00,
2026-08-10,SOL,2026-08-10T19:00:00+00:00,42665.41,24193.39,2026-08-09,93.75929844957722,37.96586179799246,,75,True,-0.4,0.54,75.9999,4.0,3,3,0.0,0.03666666666666669,1,2026-08-10T19:00:00+00:00,
2026-08-11,SOL,2026-08-11T19:00:00+00:00,27503.36,24738.78,2026-08-10,-35.537101366188686,2.2542934247742785,,75,True,-0.43999999999999995,0.43999999999999995,75.9999,4.0,3,3,0.0,0.020000000000000007,1,2026-08-11T19:00:00+00:00,
2026-08-12,SOL,2026-08-12T19:00:00+00:00,29092.46,13728.34,2026-08-11,5.777839507609239,-44.506802679841115,,75,True,-0.255,0.37,75.9999,4.0,3,3,0.0,0.019999999999999997,1,2026-08-12T19:00:00+00:00,
2026-08-13,SOL,2026-08-13T19:00:00+00:00,35475.2,17985.670000000002,2026-08-12,21.939499100454206,31.011251178219656,26955.004,75,True,0.07999999999999996,0.27,75.9999,4.0,3,3,0.0,0.019999999999999993,1,2026-08-13T19:00:00+00:00,
2026-08-14,SOL,2026-08-14T19:00:00+00:00,38438.36,50019.15,2026-08-13,8.352764748331243,178.10556960068763,27503.36,50,True,-0.505,0.505,75.9999,4.0,3,3,0.0,0.02666666666666667,1,2026-08-14T19:00:00+00:00,
2026-08-15,SOL,2026-08-15T19:00:00+00:00,23254.42,13717.68,2026-08-14,-39.50204951511979,-72.57514371995526,27662.27,75,True,0.355,0.355,74.9999,4.0,3,0,1.0,,1,2026-08-15T19:00:00+00:00,
2026-08-16,SOL,2026-08-16T19:00:00+00:00,10042.61,8185.21,2026-08-15,,-40.330945174402665,24104.208,75,True,0.03500000000000003,0.07499999999999996,74.9999,4.0,3,3,0.0,0.03666666666666669,1,2026-08-16T19:00:00+00:00,True
2026-08-17,SOL,2026-08-17T19:00:00+00:00,36407.75,25010.44,2026-08-16,,205.5564854169899,22390.185999999998,75,True,0.605,0.605,74.9999,4.0,3,3,0.0,0.023333333333333327,1,2026-08-17T19:00:00+00:00,True
2026-08-18,SOL,2026-08-18T19:00:00+00:00,45049.3,32235.25,2026-08-17,23.735468409885275,28.887176715003825,22513.647999999997,75,True,0.495,0.51,75.9999,4.0,3,3,0.0,0.020000000000000007,1,2026-08-18T19:00:00+00:00,
2026-08-19,SOL,2026-08-19T19:00:00+00:00,115008.76,64756.38,2026-08-18,155.29533200293898,100.88685522836025,22637.11,75,True,0.525,0.525,76.9999,4.0,3,3,0.0,0.0633333333333333,1,2026-08-19T19:00:00+00:00,
2026-08-20,SOL,2026-08-20T19:00:00+00:00,19394.81,13571.98,2026-08-19,-83.1362324052533,-79.04147822963544,22760.572,75,True,0.44499999999999995,0.44499999999999995,84.9999,4.0,3,3,0.0,0.07,1,2026-08-20T19:00:00+00:00,
2026-08-21,SOL,2026-08-21T19:00:00+00:00,43295.82,44663.17,2026-08-20,,229.08367091610802,21232.303,50,True,0.45499999999999996,0.45499999999999996,87.9999,4.0,3,3,0.0,0.046666666666666655,1,2026-08-21T19:00:00+00:00,True
2026-08-22,SOL,2026-08-22T19:00:00+00:00,103564.31,68798.28,2026-08-21,139.2016365552148,54.03805865100932,21494.802,75,True,0.235,0.245,93.9999,4.0,3,3,0.0,0.046666666666666655,1,2026-08-22T19:00:00+00:00,
2026-08-23,SOL,2026-08-23T19:00:00+00:00,59560.75,29635.37,2026-08-22,-42.48911618297848,-56.9242574087608,21757.301,75,True,-0.31499999999999995,0.38,95.9999,4.0,3,3,0.0,0.08000000000000002,1,2026-08-23T19:00:00+00:00,
2026-08-24,SOL,2026-08-24T19:00:00+00:00,62076.54,40256.81,2026-08-23,4.2239058440332045,35.840416367334036,22019.8,75,True,0.28500000000000003,0.38500000000000006,94.9999,4.0,3,3,0.0,0.04333333333333331,1,2026-08-24T19:00:00+00:00,
2026-08-25,SOL,2026-08-25T19:00:00+00:00,78694.47,34715.93,2026-08-24,26.770064826422345,-13.763832752769034,22143.262,75,True,-0.46499999999999997,0.46499999999999997,101.9999,4.0,3,3,0.0,0.04,1,2026-08-25T19:00:00+00:00,
2026-08-26,SOL,2026-08-26T19:00:00+00:00,27363.72,21325.69,2026-08-25,-65.22789974949956,-38.57088086074607,22266.724,75,True,-0.05499999999999994,0.08499999999999996,96.9999,4.0,3,3,0.0,0.04000000000000001,1,2026-08-26T19:00:00+00:00,
2026-08-27,SOL,2026-08-27T19:00:00+00:00,45862.02,26888.21,2026-08-26,67.60155417465168,26.083657785515978,22390.185999999998,75,True,0.54,0.54,100.9999,4.0,5,5,0.0,0.07199999999999998,1,2026-08-27T19:00:00+00:00,
2026-08-28,SOL,2026-08-28T19:00:00+00:00,27287.63,27412.71,2026-08-27,-40.50059286529463,1.950669085074841,22513.648,50,True,-0.485,0.485,108.9999,4.0,5,5,0.0,0.07,1,2026-08-28T19:00:00+00:00,
2026-08-29,SOL,2026-08-29T19:00:00+00:00,16776.38,11684.6,2026-08-28,-38.52020127801499,-57.375246737735885,22637.11,75,True,0.5,0.585,103.9999,4.0,5,5,0.0,0.06200000000000001,1,2026-08-29T19:00:00+00:00,
2026-08-30,SOL,2026-08-30T19:00:00+00:00,31240.27,24620.2,2026-08-29,,110.70639987676087,20969.804,75,True,0.42500000000000004,0.43500000000000005,104.9999,4.0,5,5,0.0,0.06999999999999998,1,2026-08-30T19:00:00+00:00,True
2026-08-31,SOL,2026-08-31T19:00:00+00:00,23478.16,13064.42,2026-08-30,-24.846488202566754,-46.93617436089065,21232.303,75,True,0.10999999999999999,0.10999999999999999,101.9999,3.0,5,0,1.0,,1,2026-08-31T19:00:00+00:00,
2026-09-01,SOL,2026-09-01T19:00:00+00:00,33341.78,25319.99,2026-08-31,42.01189531036504,93.80875691381631,21494.802,75,True,-0.505,0.5349999999999999,102.9999,4.0,3,3,0.0,0.03,1,2026-09-01T19:00:00+00:00,
2026-09-02,SOL,2026-09-02T19:00:00+00:00,28255.99,15946.41,2026-09-01,-15.253504761893332,-37.02047275690078,21757.301,75,True,-0.225,0.385,99.9999,4.0,3,3,0.0,0.023333333333333355,1,2026-09-02T19:00:00+00:00,
2026-09-03,SOL,2026-09-03T19:00:00+00:00,57024.97,38444.86,2026-09-02,101.81550885316706,141.08786868016062,21757.301,75,True,0.56,0.56,99.9999,4.0,5,5,0.0,0.03199999999999999,1,2026-09-03T19:00:00+00:00,
2026-09-04,SOL,2026-09-04T19:00:00+00:00,35725.18,30709.31,2026-09-03,-37.35168997020077,-20.12115533780068,21757.301,50,True,-0.41500000000000004,0.425,103.9999,4.0,5,5,0.0,0.01800000000000001,1,2026-09-04T19:00:00+00:00,
2026-09-05,SOL,2026-09-05T19:00:00+00:00,15284.7,9499.55,2026-09-04,-57.215890864650646,-69.06622128598787,21757.301,75,True,0.49,0.49,101.9999,4.0,5,5,0.0,0.07599999999999998,1,2026-09-05T19:00:00+00:00,
2026-09-06,SOL,2026-09-06T19:00:00+00:00,64700.67,47304.92,2026-09-05,,397.9701143738388,19132.967,75,True,0.4099999999999999,0.4149999999999999,102.9999,4.0,5,5,0.0,0.044,1,2026-09-06T19:00:00+00:00,True
2026-09-07,SOL,2026-09-07T19:00:00+00:00,22848.5,14641.35,2026-09-06,-64.68583710184144,-69.04899109860033,19132.967,75,True,-0.5,0.5,105.9999,4.0,5,5,0.0,0.03399999999999998,1,2026-09-07T19:00:00+00:00,
2026-09-08,SOL,2026-09-08T19:00:00+00:00,32915.93,20098.05,2026-09-07,44.061667067860036,37.269104283416475,19132.967,75,True,-0.275,0.275,103.9999,4.0,5,5,0.0,0.045999999999999985,1,2026-09-08T19:00:00+00:00,
2026-09-09,SOL,2026-09-09T19:00:00+00:00,32138.56,21753.31,2026-09-08,-2.3616832336197047,8.235923385602106,19132.967,75,True,-0.30999999999999994,0.49,103.9999,4.0,5,5,0.0,0.026000000000000013,1,2026-09-09T19:00:00+00:00,
2026-09-10,SOL,2026-09-10T19:00:00+00:00,30898.68,17476.34,2026-09-09,-3.857920205510146,-19.661237761057983,19132.967,75,True,-0.425,0.5950000000000001,100.9999,4.0,3,3,0.0,0.04333333333333334,1,2026-09-10T19:00:00+00:00,
2026-09-11,SOL,2026-09-11T19:00:00+00:00,41976.35,28853.7,2026-09-10,35.851596249419075,65.10150294626906,19132.967,50,True,0.45499999999999996,0.45499999999999996,98.9999,4.0,5,5,0.0,0.04600000000000003,1,2026-09-11T19:00:00+00:00,
2026-09-12,SOL,2026-09-12T19:00:00+00:00,12670.56,8637.95,2026-09-11,-69.81500297191157,-70.06293820203302,19132.967,75,True,-0.24,0.275,101.9999,4.0,5,5,0.0,0.074,1,2026-09-12T19:00:00+00:00,
2026-09-13,SOL,2026-09-13T19:00:00+00:00,13061.3,6451.12,2026-09-12,,-25.316539225163382,16627.212000000003,75,True,-0.405,0.405,101.9999,4.0,5,5,0.0,0.03600000000000002,1,2026-09-13T19:00:00+00:00,True
2026-09-14,SOL,2026-09-14T19:00:00+00:00,27559.11,20008.39,2026-09-13,,210.15374074579296,15062.36,75,True,0.52,0.52,99.9999,4.0,5,5,0.0,0.030000000000000006,1,2026-09-14T19:00:00+00:00,True
2026-09-15,SOL,2026-09-15T19:00:00+00:00,74538.01,45639.47,2026-09-14,170.46595481494137,128.1016613530624,15062.36,75,True,-0.43,0.43,102.9999,4.0,3,3,0.0,0.25666666666666665,1,2026-09-15T19:00:00+00:00,
2026-09-16,SOL,2026-09-16T19:00:00+00:00,26428.54,11679.7,2026-09-15,-64.54353959811914,-74.40877380916125,16627.212000000003,75,True,0.20000000000000007,0.20000000000000007,96.9999,4.0,3,3,0.0,0.12,1,2026-09-16T19:00:00+00:00,
2026-09-17,SOL,2026-09-17T19:00:00+00:00,33479.46,23107.48,2026-09-16,26.679188483359262,97.84309528498163,16627.212000000003,75,True,0.5449999999999999,0.5449999999999999,98.9999,4.0,5,5,0.0,0.022000000000000002,1,2026-09-17T19:00:00+00:00,
2026-09-18,SOL,2026-09-18T19:00:00+00:00,104495.22,61805.8,2026-09-17,212.11739974300662,167.47096611140634,16627.212000000003,50,True,0.42999999999999994,0.42999999999999994,100.9999,4.0,5,5,0.0,0.06599999999999998,1,2026-09-18T19:00:00+00:00,
2026-09-19,SOL,2026-09-19T19:00:00+00:00,25515.79,21862.55,2026-09-18,-75.5818591510693,-64.62702529536064,16627.212000000003,75,True,-0.43499999999999994,0.43499999999999994,113.9999,4.0,5,5,0.0,0.05199999999999999,1,2026-09-19T19:00:00+00:00,
2026-09-20,SOL,2026-09-20T19:00:00+00:00,35078.34,23776.23,2026-09-19,37.47698973851092,8.75323326876325,16627.212000000003,75,True,-0.40499999999999997,0.43,110.9999,4.0,5,5,0.0,0.084,1,2026-09-20T19:00:00+00:00,
2026-09-21,SOL,2026-09-21T19:00:00+00:00,35179.67,19019.04,2026-09-20,0.2888677172294907,-20.00817623315386,16627.212000000003,75,True,0.47,0.48,111.9999,4.0,5,5,0.0,0.04199999999999999,1,2026-09-21T19:00:00+00:00,
2026-09-22,SOL,2026-09-22T19:00:00+00:00,32246.63,25507.85,2026-09-21,-8.337315273281408,34.117442310442584,16627.212000000003,75,True,0.04499999999999993,0.235,117.9999,4.0,5,5,0.0,0.02599999999999999,1,2026-09-22T19:00:00+00:00,
2026-09-23,SOL,2026-09-23T19:00:00+00:00,32775.19,27699.44,2026-09-22,1.6391170178092995,8.591825653671314,16627.212000000003,75,True,-0.46499999999999997,0.485,118.9999,4.0,5,5,0.0,0.038,1,2026-09-23T19:00:00+00:00,
2026-09-24,SOL,2026-09-24T19:00:00+00:00,72090.0,47017.58,2026-09-23,119.9529583199975,69.74198756364751,16627.212000000003,75,True,0.475,0.695,114.9999,4.0,5,5,0.0,0.031999999999999994,1,2026-09-24T19:00:00+00:00,
2026-09-25,SOL,2026-09-25T19:00:00+00:00,51194.67,50389.41,2026-09-24,-28.98506034124012,7.171423965248747,16627.212000000003,50,True,0.44999999999999996,0.62,116.9999,4.0,5,5,0.0,0.11200000000000002,1,2026-09-25T19:00:00+00:00,
2026-09-26,SOL,2026-09-26T19:00:00+00:00,19782.32,10185.7,2026-09-25,-61.35863362338305,-79.78603043774476,16627.212000000003,75,True,-0.09000000000000008,0.3000000000000001,120.9999,4.0,5,5,0.0,0.12600000000000003,1,2026-09-26T19:00:00+00:00,
2026-09-27,SOL,2026-09-27T19:00:00+00:00,24782.33,9150.55,2026-09-26,25.27514467463878,-10.162777226896546,16627.212000000003,75,True,0.53,0.53,120.9999,4.0,5,5,0.0,0.12599999999999997,1,2026-09-27T19:00:00+00:00,
2026-09-28,SOL,2026-09-28T19:00:00+00:00,28409.61,22210.18,2026-09-27,14.636557579533482,142.71961794646225,16627.212000000003,75,True,-0.4149999999999999,0.4149999999999999,121.9999,4.0,5,5,0.0,0.08800000000000001,1,2026-09-28T19:00:00+00:00,
2026-09-29,SOL,2026-09-29T19:00:00+00:00,56524.09,24867.88,2026-09-28,98.96116138165922,11.966134448257515,19332.558,75,True,0.3600000000000001,0.3600000000000001,117.9999,4.0,5,5,0.0,0.08600000000000001,1,2026-09-29T19:00:00+00:00,
2026-09-30,SOL,2026-09-30T19:00:00+00:00,109386.35,44007.2,2026-09-29,93.52164714195312,76.96401944998928,19332.558,75,True,-0.09499999999999997,0.4700000000000001,118.9999,4.0,5,5,0.0,0.10200000000000001,1,2026-09-30T19:00:00+00:00,
2026-08-04,XRP,2026-08-04T19:00:00+00:00,10023.34,6435.04,2026-08-03,37.03458628524867,59.0135537516834,,40,True,0.27,0.27,1.0599,4.0,3,3,0.0,0.02666666666666667,1,2026-08-04T19:00:00+00:00,
2026-08-05,XRP,2026-08-05T19:00:00+00:00,22188.27,10677.8,2026-08-04,121.36603168205409,65.93214649792385,,40,True,0.24,0.36,1.0599,4.0,3,3,0.0,0.023333333333333345,1,2026-08-05T19:00:00+00:00,
2026-08-06,XRP,2026-08-06T19:00:00+00:00,17327.15,10537.6,2026-08-05,-21.90851292146706,-1.3130045514993638,,40,True,-0.515,0.515,1.0599,4.0,3,3,0.0,0.043333333333333356,1,2026-08-06T19:00:00+00:00,
2026-08-07,XRP,2026-08-07T19:00:00+00:00,17584.02,21308.57,2026-08-06,1.4824711507662736,102.21464090494989,,50,True,-0.385,0.405,1.0399,4.0,3,3,0.0,0.030000000000000002,1,2026-08-07T19:00:00+00:00,
2026-08-08,XRP,2026-08-08T19:00:00+00:00,30302.48,20572.52,2026-08-07,72.32964930658632,-3.4542439966642524,,40,True,0.31999999999999995,0.33999999999999997,1.0199,4.0,3,3,0.0,0.03666666666666666,1,2026-08-08T19:00:00+00:00,
2026-08-09,XRP,2026-08-09T19:00:00+00:00,29196.79,16455.989999999998,2026-08-08,-3.6488432629936507,-20.00984808861531,,40,True,-0.04499999999999993,0.21999999999999997,1.0399,4.0,3,3,0.0,0.019999999999999997,1,2026-08-09T19:00:00+00:00,
2026-08-10,XRP,2026-08-10T19:00:00+00:00,8253.54,5708.09,2026-08-09,-71.73134443889208,-65.31299545028892,,40,True,-0.5049999999999999,0.6399999999999999,1.0199,4.0,3,3,0.0,0.02333333333333334,1,2026-08-10T19:00:00+00:00,
2026-08-11,XRP,2026-08-11T19:00:00+00:00,42716.3,16850.77,2026-08-10,417.5512567940544,195.2085548756239,,40,True,-0.24,0.24,1.0199,4.0,3,3,0.0,0.03333333333333335,1,2026-08-11T19:00:00+00:00,
2026-08-12,XRP,2026-08-12T19:00:00+00:00,10077.96,4994.13,2026-08-11,-76.40722628130246,-70.36260064080157,,40,True,-0.51,0.51,1.0199,4.0,1,1,0.0,0.030000000000000027,1,2026-08-12T19:00:00+00:00,
2026-08-13,XRP,2026-08-13T19:00:00+00:00,4750.16,3840.65,2026-08-12,-52.86585777280322,-23.096715544048717,8159.6320000000005,40,True,0.375,0.375,0.9999,4.0,1,1,0.0,0.029999999999999916,1,2026-08-13T19:00:00+00:00,
2026-08-14,XRP,2026-08-14T19:00:00+00:00,12179.63,14323.55,2026-08-13,,272.9459857055446,7314.46,50,True,-0.3,0.3,1.0199,4.0,1,1,0.0,0.04999999999999999,1,2026-08-14T19:00:00+00:00,True
2026-08-15,XRP,2026-08-15T19:00:00+00:00,33887.61,30607.86,2026-08-14,178.23185104966245,113.68906451263827,7408.368,40,True,0.21499999999999997,0.21499999999999997,0.9999,4.0,1,1,0.0,0.030000000000000027,1,2026-08-15T19:00:00+00:00,
2026-08-16,XRP,2026-08-16T19:00:00+00:00,6584.84,6213.99,2026-08-15,-80.56859129339603,-79.69805794982074,7502.276000000001,40,True,-0.24,0.24,0.9999,4.0,1,1,0.0,0.03999999999999998,1,2026-08-16T19:00:00+00:00,
2026-08-17,XRP,2026-08-17T19:00:00+00:00,20690.82,16442.02,2026-08-16,,164.59682104412786,6803.726000000001,40,True,0.29,0.325,0.9999,4.0,1,1,0.0,0.040000000000000036,1,2026-08-17T19:00:00+00:00,True
2026-08-18,XRP,2026-08-18T19:00:00+00:00,9480.96,7991.21,2026-08-17,-54.17793978199028,-51.39763848967463,6876.688,40,True,0.04999999999999993,0.21999999999999997,0.9999,4.0,1,1,0.0,0.020000000000000018,1,2026-08-18T19:00:00+00:00,
2026-08-19,XRP,2026-08-19T19:00:00+00:00,42753.64,21270.8,2026-08-18,350.94209869042805,166.1774624869075,6949.65,40,True,0.6,0.6,0.9999,4.0,3,3,0.0,0.046666666666666655,1,2026-08-19T19:00:00+00:00,
2026-08-20,XRP,2026-08-20T19:00:00+00:00,92433.92,40160.43,2026-08-19,116.20128718864638,88.80545160501721,7022.612,40,True,0.41999999999999993,0.41999999999999993,1.0999,4.0,3,3,0.0,0.10333333333333335,1,2026-08-20T19:00:00+00:00,
2026-08-21,XRP,2026-08-21T19:00:00+00:00,100224.78,62371.0,2026-08-20,8.428572541335466,55.30461202731145,7095.5740000000005,50,True,0.45499999999999996,0.45499999999999996,1.2599,4.0,3,3,0.0,0.04666666666666666,1,2026-08-21T19:00:00+00:00,
2026-08-22,XRP,2026-08-22T19:00:00+00:00,117880.63,81652.39,2026-08-21,17.61625218833107,30.914030559073936,7168.536,50,True,0.27,0.405,1.4599,3.0,3,0,1.0,,1,2026-08-22T19:00:00+00:00,
2026-08-23,XRP,2026-08-23T19:00:00+00:00,62151.22,39841.33,2026-08-22,-47.27613858188576,-51.206168000716204,7241.4980000000005,40,True,-0.12999999999999995,0.33999999999999997,1.5199,4.0,3,3,0.0,0.05333333333333331,1,2026-08-23T19:00:00+00:00,
2026-08-24,XRP,2026-08-24T19:00:00+00:00,39620.8,35009.5,2026-08-23,-36.25096981201656,-12.127682484495372,7314.46,40,True,-0.365,0.495,1.4999,4.0,3,3,0.0,0.06666666666666667,1,2026-08-24T19:00:00+00:00,
2026-08-25,XRP,2026-08-25T19:00:00+00:00,31939.64,28606.65,2026-08-24,-19.386685781205838,-18.28889301475314,7408.368,40,True,-0.46499999999999997,0.46499999999999997,1.4999,4.0,3,3,0.0,0.09666666666666666,1,2026-08-25T19:00:00+00:00,
2026-08-26,XRP,2026-08-26T19:00:00+00:00,19749.3,15400.36,2026-08-25,-38.166804635243224,-46.16510496685211,7502.276000000001,40,True,-0.415,0.435,1.4399,4.0,3,3,0.0,0.06999999999999998,1,2026-08-26T19:00:00+00:00,
2026-08-27,XRP,2026-08-27T19:00:00+00:00,13988.44,10126.4,2026-08-26,-29.169945263882767,-34.24569295782697,7596.184,40,True,0.44999999999999996,0.44999999999999996,1.3999,4.0,3,3,0.0,0.053333333333333344,1,2026-08-27T19:00:00+00:00,
2026-08-28,XRP,2026-08-28T19:00:00+00:00,31011.97,30146.55,2026-08-27,121.69712991584478,197.70253989571813,7690.092000000001,50,True,-0.565,0.565,1.4399,4.0,3,3,0.0,0.030000000000000002,1,2026-08-28T19:00:00+00:00,
2026-08-29,XRP,2026-08-29T19:00:00+00:00,23501.42,19679.26,2026-08-28,-24.218229283724966,-34.72135285795556,7784.0,40,True,0.3999999999999999,0.45999999999999996,1.3799,4.0,3,3,0.0,0.11,1,2026-08-29T19:00:00+00:00,
2026-08-30,XRP,2026-08-30T19:00:00+00:00,15319.07,9843.91,2026-08-29,-34.816406838395295,-49.978251214730626,7877.908,40,True,0.52,0.52,1.3999,4.0,3,3,0.0,0.13,1,2026-08-30T19:00:00+00:00,
2026-08-31,XRP,2026-08-31T19:00:00+00:00,16415.67,12149.5,2026-08-30,7.158397996745225,23.421485974577184,7971.816000000001,40,True,0.42999999999999994,0.44999999999999996,1.3599,4.0,3,3,0.0,0.06999999999999999,1,2026-08-31T19:00:00+00:00,
2026-09-01,XRP,2026-09-01T19:00:00+00:00,20649.06,16999.04,2026-08-31,25.788712857897387,39.91555208033253,8065.724000000001,50,True,-0.4999999999999999,0.5099999999999999,1.3799,4.0,3,3,0.0,0.053333333333333344,1,2026-09-01T19:00:00+00:00,
2026-09-02,XRP,2026-09-02T19:00:00+00:00,33888.21,31555.120000000003,2026-09-01,64.1150250907305,85.62883551071121,8159.632000000001,40,True,0.09999999999999998,0.385,1.3399,4.0,3,3,0.0,0.07666666666666667,1,2026-09-02T19:00:00+00:00,
2026-09-03,XRP,2026-09-03T19:00:00+00:00,36266.49,21974.69,2026-09-02,7.018016000254956,-30.36093667208365,9358.217999999999,50,True,0.44999999999999996,0.44999999999999996,1.3399,3.0,3,3,0.0,0.06666666666666662,1,2026-09-03T19:00:00+00:00,
2026-09-04,XRP,2026-09-04T19:00:00+00:00,51440.0,41819.41,2026-09-03,41.83892623741643,90.3071670180558,9358.217999999999,50,True,-0.48,0.5249999999999999,1.4399,4.0,3,3,0.0,0.05666666666666668,1,2026-09-04T19:00:00+00:00,
2026-09-05,XRP,2026-09-05T19:00:00+00:00,28997.7,21712.37,2026-09-04,-43.62811041990668,-48.08064006641892,9358.217999999999,40,True,0.54,0.54,1.3999,4.0,3,3,0.0,0.08333333333333336,1,2026-09-05T19:00:00+00:00,
2026-09-06,XRP,2026-09-06T19:00:00+00:00,28169.37,20694.18,2026-09-05,-2.8565368977539696,-4.68944661499412,9358.217999999999,40,True,-0.29500000000000004,0.35,1.4199,4.0,3,3,0.0,0.05000000000000001,1,2026-09-06T19:00:00+00:00,
2026-09-07,XRP,2026-09-07T19:00:00+00:00,13357.11,7269.94,2026-09-06,-52.58285861558139,-64.86963967646943,9358.217999999999,40,True,-0.44999999999999996,0.44999999999999996,1.4199,4.0,3,3,0.0,0.09333333333333334,1,2026-09-07T19:00:00+00:00,
2026-09-08,XRP,2026-09-08T19:00:00+00:00,30258.97,21599.15,2026-09-07,126.53830057549875,197.1021769093005,9358.217999999999,40,True,0.45500000000000007,0.645,1.3999,4.0,3,3,0.0,0.06333333333333334,1,2026-09-08T19:00:00+00:00,
2026-09-09,XRP,2026-09-09T19:00:00+00:00,9831.05,6970.219999999999,2026-09-08,-67.5102952942549,-67.72919304694861,9358.217999999999,40,True,-0.09499999999999997,0.345,1.4199,4.0,3,3,0.0,0.029999999999999968,1,2026-09-09T19:00:00+00:00,
2026-09-10,XRP,2026-09-10T19:00:00+00:00,14063.78,11181.71,2026-09-09,43.05470931385764,60.4211918705579,9796.041,40,True,-0.55,0.58,1.3799,4.0,3,3,0.0,0.05000000000000002,1,2026-09-10T19:00:00+00:00,
2026-09-11,XRP,2026-09-11T19:00:00+00:00,45843.73,34601.23,2026-09-10,225.97018724695639,209.44488812534044,9796.041,50,True,0.29499999999999993,0.32000000000000006,1.3399,4.0,3,3,0.0,0.06999999999999998,1,2026-09-11T19:00:00+00:00,
2026-09-12,XRP,2026-09-12T19:00:00+00:00,21486.92,17792.74,2026-09-11,-53.13007907515379,-48.57772397108426,9796.041,40,True,0.3550000000000001,0.3550000000000001,1.3599,4.0,3,3,0.0,0.09333333333333334,1,2026-09-12T19:00:00+00:00,
2026-09-13,XRP,2026-09-13T19:00:00+00:00,22732.39,19024.71,2026-09-12,5.796410095071791,6.924003835272119,11944.772,40,True,-0.16500000000000004,0.495,1.3599,4.0,3,3,0.0,0.10999999999999999,1,2026-09-13T19:00:00+00:00,
2026-09-14,XRP,2026-09-14T19:00:00+00:00,35079.29,18270.98,2026-09-13,54.314130630347265,-3.961847513050132,13004.504,40,True,0.43000000000000005,0.43000000000000005,1.3399,4.0,3,3,0.0,0.09333333333333334,1,2026-09-14T19:00:00+00:00,
2026-09-15,XRP,2026-09-15T19:00:00+00:00,145985.7,95378.66,2026-09-14,316.1592210104595,422.02268296500796,13004.504,60,True,-0.38,0.38,1.4199,4.0,3,3,0.0,0.21,1,2026-09-15T19:00:00+00:00,
2026-09-16,XRP,2026-09-16T19:00:00+00:00,15824.62,12477.88,2026-09-15,-89.16015746747799,-86.91753480285843,13925.307,40,True,-0.07000000000000006,0.17000000000000004,1.2799,4.0,3,3,0.0,0.04666666666666664,1,2026-09-16T19:00:00+00:00,
2026-09-17,XRP,2026-09-17T19:00:00+00:00,26982.99,15111.89,2026-09-16,70.51272005267741,21.10943525663014,13925.307,40,True,-0.18499999999999994,0.275,1.2999,4.0,3,3,0.0,0.020000000000000014,1,2026-09-17T19:00:00+00:00,
2026-09-18,XRP,2026-09-18T19:00:00+00:00,44405.88,55601.87,2026-09-17,64.56990126001601,267.9345866069698,14056.246000000001,50,True,0.46499999999999997,0.46499999999999997,1.2999,4.0,3,3,0.0,0.03999999999999999,1,2026-09-18T19:00:00+00:00,
2026-09-19,XRP,2026-09-19T19:00:00+00:00,36663.09,28269.23,2026-09-18,-17.436407070415004,-49.15777113251767,14056.246000000001,40,True,0.405,0.405,1.3999,4.0,3,3,0.0,0.10666666666666667,1,2026-09-19T19:00:00+00:00,
2026-09-20,XRP,2026-09-20T19:00:00+00:00,32055.88,13407.2,2026-09-19,-12.56634397155285,-52.57316877750119,14056.246000000001,40,True,0.04999999999999993,0.45499999999999996,1.3999,4.0,3,3,0.0,0.0466666666666667,1,2026-09-20T19:00:00+00:00,
2026-09-21,XRP,2026-09-21T19:00:00+00:00,33385.17,21591.98,2026-09-20,4.146789918105509,61.04764604093322,14056.246000000001,50,True,0.42999999999999994,0.42999999999999994,1.4199,3.0,3,1,0.6666666666666667,0.07,1,2026-09-21T19:00:00+00:00,
2026-09-22,XRP,2026-09-22T19:00:00+00:00,43691.64,36199.25,2026-09-21,30.87140188293185,67.65136870263866,14056.246000000001,40,True,0.495,0.495,1.5199,4.0,3,3,0.0,0.06333333333333334,1,2026-09-22T19:00:00+00:00,
2026-09-23,XRP,2026-09-23T19:00:00+00:00,80059.4,70547.08,2026-09-22,83.23734242981035,94.88547414656381,14056.246000000001,50,True,-0.495,0.715,1.5799,4.0,3,3,0.0,0.06666666666666665,1,2026-09-23T19:00:00+00:00,
2026-09-24,XRP,2026-09-24T19:00:00+00:00,38705.06,28429.36,2026-09-23,-51.65457148067561,-59.70157801003244,14056.246000000001,60,True,-0.235,0.245,1.4999,3.0,5,1,0.8,1.0,1,2026-09-24T19:00:00+00:00,
2026-09-25,XRP,2026-09-25T19:00:00+00:00,26348.42,22950.86,2026-09-24,-31.92512813570112,-19.27057098717664,14056.246000000001,50,True,0.395,0.52,1.5399,4.0,3,3,0.0,0.09000000000000001,1,2026-09-25T19:00:00+00:00,
2026-09-26,XRP,2026-09-26T19:00:00+00:00,24253.54,22781.61,2026-09-25,-7.950685468047036,-0.7374451327749831,14056.246000000001,40,True,-0.48000000000000004,0.48000000000000004,1.5599,4.0,3,3,0.0,0.17333333333333334,1,2026-09-26T19:00:00+00:00,
2026-09-27,XRP,2026-09-27T19:00:00+00:00,65712.97,54205.41,2026-09-26,170.94176767597637,137.93493962893754,15193.541000000001,40,True,0.4,0.4,1.5199,4.0,3,3,0.0,0.15333333333333332,1,2026-09-27T19:00:00+00:00,
2026-09-28,XRP,2026-09-28T19:00:00+00:00,38179.37,32131.16,2026-09-27,-41.89979542851282,-40.723333704145034,15193.541000000001,40,True,-0.135,0.35999999999999993,1.5199,4.0,3,3,0.0,0.10666666666666669,1,2026-09-28T19:00:00+00:00,
2026-09-29,XRP,2026-09-29T19:00:00+00:00,43328.83,23708.75,2026-09-28,13.487545760969866,-26.212592386953972,15193.541000000001,50,True,0.34999999999999987,0.34999999999999987,1.4799,3.0,3,3,0.0,0.15666666666666665,1,2026-09-29T19:00:00+00:00,
2026-09-30,XRP,2026-09-30T19:00:00+00:00,20193.95,17043.399999999998,2026-09-29,-53.393733456453816,-28.11346022038278,15648.536000000002,40,True,-0.05500000000000005,0.42500000000000004,1.4999,4.0,3,3,0.0,0.10666666666666669,1,2026-09-30T19:00:00+00:00,
2026-08-04,DOGE,2026-08-04T19:00:00+00:00,0.0,0.0,2026-08-03,-100.0,-100.0,,31,False,0.39,0.39,0.0699999,4.0,1,0,1.0,,1,2026-08-04T19:00:00+00:00,
2026-08-05,DOGE,2026-08-05T19:00:00+00:00,270.13,259.0,2026-08-04,,,,33,True,0.22000000000000008,0.245,0.0699999,4.0,1,1,0.0,0.010000000000000009,1,2026-08-05T19:00:00+00:00,
2026-08-06,DOGE,2026-08-06T19:00:00+00:00,3564.01,3000.44,2026-08-05,1219.3684522267058,1058.4710424710424,,31,True,-0.5,0.5,0.0699999,4.0,1,1,0.0,0.03,1,2026-08-06T19:00:00+00:00,
2026-08-07,DOGE,2026-08-07T19:00:00+00:00,2189.6,6045.74,2026-08-06,-38.56358427726073,101.49511404993933,,36,True,-0.275,0.48,0.0699999,4.0,1,1,0.0,0.05,1,2026-08-07T19:00:00+00:00,
2026-08-08,DOGE,2026-08-08T19:00:00+00:00,646.75,633.85,2026-08-07,-70.46264157837048,-89.51575820329687,,31,True,,,,,1,1,0.0,0.020000000000000018,1,2026-08-08T19:00:00+00:00,
2026-08-09,DOGE,2026-08-09T19:00:00+00:00,508.0,425.0,2026-08-08,-21.453420950908388,-32.94943598643212,,33,True,,,,,1,1,0.0,0.039999999999999925,1,2026-08-09T19:00:00+00:00,
2026-08-10,DOGE,2026-08-10T19:00:00+00:00,141.0,139.0,2026-08-09,-72.24409448818898,-67.29411764705881,,33,True,-0.28500000000000003,0.38,0.0699999,4.0,1,1,0.0,0.05,1,2026-08-10T19:00:00+00:00,
2026-08-11,DOGE,2026-08-11T19:00:00+00:00,764.0,526.0,2026-08-10,441.8439716312057,278.41726618705036,,33,True,0.5349999999999999,0.5349999999999999,0.0699999,4.0,1,1,0.0,0.06000000000000005,1,2026-08-11T19:00:00+00:00,
2026-08-12,DOGE,2026-08-12T19:00:00+00:00,2778.65,2119.31,2026-08-11,263.6976439790576,302.9106463878326,,33,True,0.09999999999999998,0.09999999999999998,0.0699999,4.0,1,1,0.0,0.050000000000000044,1,2026-08-12T19:00:00+00:00,
2026-08-13,DOGE,2026-08-13T19:00:00+00:00,984.15,950.01,2026-08-12,-64.5817213394994,-55.173617828444165,126.9,33,True,0.010000000000000009,0.22499999999999998,0.0699999,4.0,1,1,0.0,0.04999999999999999,1,2026-08-13T19:00:00+00:00,
2026-08-14,DOGE,2026-08-14T19:00:00+00:00,5570.4800000000005,11101.34,2026-08-13,466.01940761062855,1068.5498047388976,141.0,36,True,-0.4149999999999999,0.4149999999999999,0.0699999,3.0,1,1,0.0,0.04000000000000001,1,2026-08-14T19:00:00+00:00,
2026-08-15,DOGE,2026-08-15T19:00:00+00:00,1037.04,202.66,2026-08-14,-81.38329192457383,-98.17445461538877,153.913,31,True,-0.455,0.49499999999999994,0.0699999,4.0,1,1,0.0,0.039999999999999994,1,2026-08-15T19:00:00+00:00,
2026-08-16,DOGE,2026-08-16T19:00:00+00:00,1748.59,1639.4399999999998,2026-08-15,68.61355396127439,708.9608210796406,166.82600000000002,31,True,,,,,1,1,0.0,0.99,1,2026-08-16T19:00:00+00:00,
2026-08-17,DOGE,2026-08-17T19:00:00+00:00,716.2700000000001,688.7,2026-08-16,-59.0372814667818,-57.99175328160835,179.739,31,True,0.46499999999999997,0.46499999999999997,0.0699999,4.0,1,1,0.0,0.050000000000000044,1,2026-08-17T19:00:00+00:00,
2026-08-18,DOGE,2026-08-18T19:00:00+00:00,206.0,33.0,2026-08-17,-71.23989557010624,-95.20836358356324,192.65200000000002,33,True,0.32499999999999996,0.585,0.0699999,4.0,1,1,0.0,0.07999999999999996,1,2026-08-18T19:00:00+00:00,
2026-08-19,DOGE,2026-08-19T19:00:00+00:00,844.61,786.61,2026-08-18,310.00485436893206,2283.6666666666665,173.5,31,True,0.395,0.395,0.0699999,3.0,1,0,1.0,,1,2026-08-19T19:00:00+00:00,
2026-08-20,DOGE,2026-08-20T19:00:00+00:00,11120.58,8939.61,2026-08-19,1216.6526562555498,1036.4729662729942,180.0,33,True,0.0,0.0,0.0749999,2.0,1,1,0.0,1.0,1,2026-08-20T19:00:00+00:00,
2026-08-21,DOGE,2026-08-21T19:00:00+00:00,5702.49,5334.83,2026-08-20,-48.72128971690326,-40.32368302420352,186.5,36,True,0.22499999999999998,0.265,0.0849999,4.0,1,1,0.0,1.0,1,2026-08-21T19:00:00+00:00,
2026-08-22,DOGE,2026-08-22T19:00:00+00:00,8076.77,5294.26,2026-08-21,41.63584679675021,-0.7604740919579411,193.0,35,True,,,,,1,1,0.0,1.0,1,2026-08-22T19:00:00+00:00,
2026-08-23,DOGE,2026-08-23T19:00:00+00:00,2898.85,2565.87,2026-08-22,-64.10879596670452,-51.53486984016653,199.5,37,True,-0.030000000000000027,0.36500000000000005,0.0949999,3.0,1,0,1.0,,1,2026-08-23T19:00:00+00:00,
2026-08-24,DOGE,2026-08-24T19:00:00+00:00,5457.26,4944.57,2026-08-23,88.25603256463772,92.70539816904208,206.0,37,True,0.0,0.0,0.1349999,3.0,1,1,0.0,0.010000000000000009,1,2026-08-24T19:00:00+00:00,
2026-08-25,DOGE,2026-08-25T19:00:00+00:00,3522.07,2995.88,2026-08-24,-35.46083565745447,-39.41070709889838,212.413,37,True,,,,,1,1,0.0,0.09,1,2026-08-25T19:00:00+00:00,
2026-08-26,DOGE,2026-08-26T19:00:00+00:00,2235.99,1874.99,2026-08-25,-36.51489039116203,-37.41438241852144,218.82600000000002,37,True,-0.07000000000000006,0.18000000000000005,0.0849999,3.0,1,1,0.0,0.04999999999999993,1,2026-08-26T19:00:00+00:00,
2026-08-27,DOGE,2026-08-27T19:00:00+00:00,809.9200000000001,647.22,2026-08-26,-63.778013318485314,-65.48141590088481,225.239,35,True,0.0,0.0,0.1249999,2.0,1,1,0.0,0.05,1,2026-08-27T19:00:00+00:00,
2026-08-28,DOGE,2026-08-28T19:00:00+00:00,1697.0,3355.45,2026-08-27,109.526866851047,418.4404066623404,231.65200000000002,40,True,0.0,0.0,0.0499999,2.0,1,1,0.0,0.06,1,2026-08-28T19:00:00+00:00,
2026-08-29,DOGE,2026-08-29T19:00:00+00:00,450.71,431.71,2026-08-28,-73.4407778432528,-87.1340654755696,238.065,35,True,-0.48,0.48,0.0899999,2.0,1,0,1.0,,1,2026-08-29T19:00:00+00:00,
2026-08-30,DOGE,2026-08-30T19:00:00+00:00,319.91,234.89,2026-08-29,-29.020878169998443,-45.59079011373376,244.478,35,True,0.05999999999999994,0.20999999999999996,0.0849999,3.0,1,0,1.0,,1,2026-08-30T19:00:00+00:00,
2026-08-31,DOGE,2026-08-31T19:00:00+00:00,2865.65,2305.66,2026-08-30,795.7675596261447,881.5913832006471,250.89100000000002,35,True,0.0,0.0,0.1249999,3.0,1,1,0.0,0.050000000000000044,1,2026-08-31T19:00:00+00:00,
2026-09-01,DOGE,2026-09-01T19:00:00+00:00,698.3100000000001,689.29,2026-08-31,-75.63170659361751,-70.10443864229765,257.30400000000003,35,True,0.0,0.0,0.0449999,2.0,1,1,0.0,0.05999999999999994,1,2026-09-01T19:00:00+00:00,
2026-09-02,DOGE,2026-09-02T19:00:00+00:00,759.92,521.23,2026-09-01,8.822729160401522,-24.381610062528104,263.71700000000004,35,True,0.2899999999999999,0.2899999999999999,0.0799999,4.0,1,1,0.0,0.030000000000000027,1,2026-09-02T19:00:00+00:00,
2026-09-03,DOGE,2026-09-03T19:00:00+00:00,34431.87,20500.53,2026-09-02,4430.986156437521,3833.1063062371695,263.71700000000004,35,True,0.22999999999999998,0.22999999999999998,0.0799999,3.0,1,1,0.0,0.03999999999999998,1,2026-09-03T19:00:00+00:00,
2026-09-04,DOGE,2026-09-04T19:00:00+00:00,6036.49,5978.51,2026-09-03,-82.46830625231797,-70.83729054809803,314.932,40,True,-0.415,0.55,0.0849999,4.0,1,1,0.0,0.07999999999999996,1,2026-09-04T19:00:00+00:00,
2026-09-05,DOGE,2026-09-05T19:00:00+00:00,2617.56,1460.82,2026-09-04,-56.637714963497,-75.56548370747895,437.63000000000005,35,True,0.5049999999999999,0.5049999999999999,0.0849999,3.0,1,1,0.0,0.66,1,2026-09-05T19:00:00+00:00,
2026-09-06,DOGE,2026-09-06T19:00:00+00:00,3507.18,1954.45,2026-09-05,33.98661348736991,33.79129529990006,437.63000000000005,35,True,-0.4,0.56,0.0899999,4.0,1,1,0.0,0.98,1,2026-09-06T19:00:00+00:00,
2026-09-07,DOGE,2026-09-07T19:00:00+00:00,700.65,622.3,2026-09-06,-80.0224111679469,-68.15984036429687,437.63000000000005,37,True,-0.21499999999999997,0.21499999999999997,0.0899999,3.0,1,1,0.0,0.04999999999999999,1,2026-09-07T19:00:00+00:00,
2026-09-08,DOGE,2026-09-08T19:00:00+00:00,814.79,760.11,2026-09-07,16.290587311781923,22.14526755584125,437.63000000000005,35,True,,,,,1,1,0.0,0.04999999999999999,1,2026-09-08T19:00:00+00:00,
2026-09-09,DOGE,2026-09-09T19:00:00+00:00,5013.49,4236.27,2026-09-08,515.3106935529399,457.32328215653,437.63000000000005,35,True,-0.21500000000000008,0.375,0.0899999,4.0,1,1,0.0,0.71,1,2026-09-09T19:00:00+00:00,
2026-09-10,DOGE,2026-09-10T19:00:00+00:00,787.9899999999999,491.4,2026-09-09,-84.28260553027931,-88.40017279351883,673.5500000000002,37,True,-0.5149999999999999,0.5800000000000001,0.0849999,3.0,1,1,0.0,0.020000000000000004,1,2026-09-10T19:00:00+00:00,
2026-09-11,DOGE,2026-09-11T19:00:00+00:00,7795.98,13213.88,2026-09-10,889.3501186563283,2589.0272690272686,673.5500000000002,40,True,-0.10999999999999999,0.36,0.0849999,4.0,1,1,0.0,0.04000000000000001,1,2026-09-11T19:00:00+00:00,
2026-09-12,DOGE,2026-09-12T19:00:00+00:00,643.14,609.13,2026-09-11,-91.75036364895755,-95.390226035048,673.5500000000002,35,True,-0.08000000000000002,0.08000000000000002,0.1249999,2.0,1,0,1.0,,1,2026-09-12T19:00:00+00:00,
2026-09-13,DOGE,2026-09-13T19:00:00+00:00,1173.54,873.43,2026-09-12,82.47037969959885,43.38975259796758,623.897,35,True,-0.35,0.37,0.0849999,4.0,1,1,0.0,0.039999999999999994,1,2026-09-13T19:00:00+00:00,
2026-09-14,DOGE,2026-09-14T19:00:00+00:00,3390.07,2933.98,2026-09-13,188.87553896756825,235.91472699586689,623.897,35,True,0.11499999999999999,0.30500000000000005,0.0849999,4.0,1,1,0.0,0.06000000000000005,1,2026-09-14T19:00:00+00:00,
2026-09-15,DOGE,2026-09-15T19:00:00+00:00,3312.61,2877.41,2026-09-14,-2.284908571209443,-1.9280976693774377,623.897,35,True,-0.32499999999999996,0.32499999999999996,0.0849999,4.0,1,1,0.0,0.75,1,2026-09-15T19:00:00+00:00,
2026-09-16,DOGE,2026-09-16T19:00:00+00:00,1057.54,787.33,2026-09-15,-68.0753242911179,-72.63754557049569,623.897,35,True,-0.17000000000000004,0.18500000000000005,0.0799999,4.0,1,1,0.0,0.04999999999999999,1,2026-09-16T19:00:00+00:00,
2026-09-17,DOGE,2026-09-17T19:00:00+00:00,1091.53,1065.21,2026-09-16,3.214062825046815,35.29396822171136,623.897,33,True,0.37,0.37,0.0799999,3.0,1,1,0.0,0.010000000000000009,1,2026-09-17T19:00:00+00:00,
2026-09-18,DOGE,2026-09-18T19:00:00+00:00,4610.21,4130.08,2026-09-17,322.36218885417713,287.7244862515372,692.7930000000001,40,True,0.15500000000000003,0.15500000000000003,0.0799999,3.0,1,0,1.0,,1,2026-09-18T19:00:00+00:00,
2026-09-19,DOGE,2026-09-19T19:00:00+00:00,4164.44,3844.67,2026-09-18,-9.669190774389891,-6.910519893077128,692.7930000000001,35,True,0.0,0.0,0.0499999,3.0,1,1,0.0,1.0,1,2026-09-19T19:00:00+00:00,
2026-09-20,DOGE,2026-09-20T19:00:00+00:00,1250.84,1250.84,2026-09-19,-69.96378864865385,-67.46560823165578,692.7930000000001,35,True,,,,,1,1,0.0,0.69,1,2026-09-20T19:00:00+00:00,
2026-09-21,DOGE,2026-09-21T19:00:00+00:00,4260.05,3105.46,2026-09-20,240.57513351028112,148.26996258514282,692.7930000000001,35,True,-0.245,0.25,0.0949999,3.0,1,1,0.0,1.0,1,2026-09-21T19:00:00+00:00,
2026-09-22,DOGE,2026-09-22T19:00:00+00:00,4671.81,4379.81,2026-09-21,9.665614253353837,41.03578857882568,692.7930000000001,37,True,0.020000000000000018,0.030000000000000027,0.0999999,4.0,1,1,0.0,1.0,1,2026-09-22T19:00:00+00:00,
2026-09-23,DOGE,2026-09-23T19:00:00+00:00,7207.18,6404.37,2026-09-22,54.26954435218898,46.22483623718836,692.7930000000001,37,True,-0.1399999999999999,0.1399999999999999,0.0999999,2.0,1,1,0.0,0.05,1,2026-09-23T19:00:00+00:00,
2026-09-24,DOGE,2026-09-24T19:00:00+00:00,3022.4500000000003,2207.27,2026-09-23,-58.06334793913847,-65.53493942417444,692.7930000000001,37,True,,,,,1,1,0.0,0.99,1,2026-09-24T19:00:00+00:00,
2026-09-25,DOGE,2026-09-25T19:00:00+00:00,4063.49,5753.73,2026-09-24,34.44358053896672,160.6717800722159,692.7930000000001,40,True,-0.21999999999999997,0.21999999999999997,0.0999999,3.0,1,0,1.0,,1,2026-09-25T19:00:00+00:00,
2026-09-26,DOGE,2026-09-26T19:00:00+00:00,23.42,23.42,2026-09-25,-99.42364814482131,-99.59295969744844,692.7930000000001,37,True,-0.015000000000000013,0.015000000000000013,0.0999999,2.0,1,1,0.0,1.0,1,2026-09-26T19:00:00+00:00,
2026-09-27,DOGE,2026-09-27T19:00:00+00:00,0.0,0.0,2026-09-26,,-100.0,623.897,37,False,0.0050000000000000044,0.0050000000000000044,0.0949999,4.0,1,0,1.0,,1,2026-09-27T19:00:00+00:00,True
2026-09-28,DOGE,2026-09-28T19:00:00+00:00,23548.7,16920.28,2026-09-27,,,437.63000000000005,37,True,-0.14500000000000002,0.255,0.0949999,4.0,1,1,0.0,0.08000000000000002,1,2026-09-28T19:00:00+00:00,True
2026-09-29,DOGE,2026-09-29T19:00:00+00:00,41942.84,39679.85,2026-09-28,78.11106345573214,134.51059911538107,610.8170000000001,37,True,0.32000000000000006,0.32500000000000007,0.0899999,4.0,1,1,0.0,0.07,1,2026-09-29T19:00:00+00:00,
2026-09-30,DOGE,2026-09-30T19:00:00+00:00,74728.96,69903.12,2026-09-29,78.16857418334098,76.16780305369097,692.7930000000001,37,True,-0.24,0.7150000000000001,0.0949999,4.0,1,1,0.0,0.07,1,2026-09-30T19:00:00+00:00,
2026-08-04,SPX,2026-08-04T19:00:00+00:00,277990.03,130478.18,2026-08-03,-59.332143429146534,-69.44484384851589,,90,True,0.485,0.485,7609.9999,4.0,36,36,0.0,0.019722222222222238,1,2026-08-04T19:00:00+00:00,
2026-08-05,SPX,2026-08-05T19:00:00+00:00,164858.86,85304.69,2026-08-04,-40.69612496534499,-34.621489968667554,,100,True,-0.445,0.5399999999999999,7759.9999,4.0,61,48,0.21311475409836067,0.020208333333333342,1,2026-08-05T19:00:00+00:00,
2026-08-06,SPX,2026-08-06T19:00:00+00:00,152617.12,74580.0,2026-08-05,-7.42558816675063,-12.572216134892466,,60,True,-0.47000000000000003,0.49500000000000005,7734.9999,4.0,59,44,0.2542372881355932,0.01886363636363637,1,2026-08-06T19:00:00+00:00,
2026-08-07,SPX,2026-08-07T19:00:00+00:00,607511.13,296831.21,2026-08-06,298.06224229627713,298.0037677661572,,60,True,0.485,0.485,7709.9999,4.0,52,51,0.019230769230769273,0.022352941176470596,1,2026-08-07T19:00:00+00:00,
2026-08-10,SPX,2026-08-10T19:00:00+00:00,334817.78,254334.55,2026-08-07,-44.88697186502575,-14.316776190751646,,60,True,0.27,0.27,7749.9999,4.0,50,43,0.14,0.0172093023255814,1,2026-08-10T19:00:00+00:00,
2026-08-11,SPX,2026-08-11T19:00:00+00:00,197149.26,95443.48,2026-08-10,-41.11744603288392,-62.473254223620025,,60,True,-0.46499999999999997,0.705,7749.9999,4.0,56,41,0.2678571428571429,0.02024390243902439,1,2026-08-11T19:00:00+00:00,
2026-08-12,SPX,2026-08-12T19:00:00+00:00,153839.74,101946.41,2026-08-11,-21.967883622794226,6.813383166665776,,60,True,0.47,0.47,7734.9999,4.0,60,43,0.2833333333333333,0.0172093023255814,1,2026-08-12T19:00:00+00:00,
2026-08-13,SPX,2026-08-13T19:00:00+00:00,265592.92,197165.54,2026-08-12,72.64259546980514,93.40116047244823,,60,True,0.48,0.48,7749.9999,4.0,46,42,0.08695652173913049,0.01976190476190477,1,2026-08-13T19:00:00+00:00,
2026-08-14,SPX,2026-08-14T19:00:00+00:00,127479.9,89873.41,2026-08-13,-52.001770227911194,-54.417283060721466,,60,True,-0.45999999999999996,0.45999999999999996,7819.9999,4.0,49,41,0.16326530612244894,0.016585365853658537,1,2026-08-14T19:00:00+00:00,
2026-08-17,SPX,2026-08-17T19:00:00+00:00,268630.65,182995.44,2026-08-14,,103.61466200069631,150103.398,60,True,-0.48,0.62,7789.9999,4.0,58,41,0.2931034482758621,0.023902439024390248,1,2026-08-17T19:00:00+00:00,True
2026-08-18,SPX,2026-08-18T19:00:00+00:00,128883.46,98567.51,2026-08-17,-52.02205705119651,-46.136630508388635,152617.12,60,True,-0.505,0.505,7749.9999,4.0,46,43,0.06521739130434778,0.017441860465116286,1,2026-08-18T19:00:00+00:00,
2026-08-19,SPX,2026-08-19T19:00:00+00:00,124968.25,101305.16,2026-08-18,,2.777436500120589,131256.826,60,True,0.45999999999999996,0.45999999999999996,7694.9999,4.0,59,46,0.22033898305084743,0.017173913043478265,1,2026-08-19T19:00:00+00:00,True
2026-08-20,SPX,2026-08-20T19:00:00+00:00,150977.54,106588.88,2026-08-19,,5.215647455667605,127760.612,60,True,-0.515,0.515,7724.9999,4.0,56,50,0.1071428571428571,0.015800000000000005,1,2026-08-20T19:00:00+00:00,True
2026-08-21,SPX,2026-08-21T19:00:00+00:00,120107.28,92528.84,2026-08-20,-20.446922105102527,-13.190906968907079,127900.968,70,True,-0.495,0.495,7709.9999,4.0,57,41,0.2807017543859649,0.015121951219512203,1,2026-08-21T19:00:00+00:00,
2026-08-24,SPX,2026-08-24T19:00:00+00:00,223981.76,146705.51,2026-08-21,,58.55111768395671,125972.91,60,True,-0.475,0.475,7684.9999,4.0,53,39,0.26415094339622647,0.018974358974358976,1,2026-08-24T19:00:00+00:00,True
2026-08-25,SPX,2026-08-25T19:00:00+00:00,135207.63,101077.14,2026-08-24,-39.63453541931271,-31.102015186750663,126224.075,60,True,0.48,0.48,7654.9999,4.0,55,32,0.4181818181818182,0.018125000000000006,1,2026-08-25T19:00:00+00:00,
2026-08-26,SPX,2026-08-26T19:00:00+00:00,153396.44,90082.45,2026-08-25,13.452502643526842,-10.877523839712921,126475.23999999999,60,True,0.47,0.47,7659.9999,4.0,53,38,0.28301886792452835,0.015000000000000008,1,2026-08-26T19:00:00+00:00,
2026-08-27,SPX,2026-08-27T19:00:00+00:00,132388.77,90521.68,2026-08-26,-13.695017954784362,0.48758664978583166,126726.405,60,True,0.17999999999999994,0.2699999999999999,7709.9999,4.0,52,39,0.25,0.021282051282051285,1,2026-08-27T19:00:00+00:00,
2026-08-28,SPX,2026-08-28T19:00:00+00:00,123753.15,82493.99,2026-08-27,-6.522924867418888,-8.868251229981583,126977.56999999999,60,True,-0.49999999999999994,0.59,7729.9999,4.0,54,46,0.14814814814814814,0.031739130434782624,1,2026-08-28T19:00:00+00:00,
2026-08-31,SPX,2026-08-31T19:00:00+00:00,137380.41999999998,74016.64,2026-08-28,,-10.27632437223609,124846.74,60,True,-0.485,0.52,7709.9999,4.0,51,35,0.3137254901960784,0.02171428571428572,1,2026-08-31T19:00:00+00:00,True
2026-09-01,SPX,2026-09-01T19:00:00+00:00,87001.59,53083.72,2026-08-31,-36.671040895056215,-28.281370243231784,124968.25,60,True,-0.49,0.49,7704.9999,4.0,46,38,0.17391304347826086,0.021052631578947382,1,2026-09-01T19:00:00+00:00,
2026-09-02,SPX,2026-09-02T19:00:00+00:00,191363.98,166129.14,2026-09-01,,212.956853815068,123874.65999999999,60,True,0.505,0.65,7649.9999,4.0,59,43,0.27118644067796616,0.016511627906976745,1,2026-09-02T19:00:00+00:00,True
2026-09-03,SPX,2026-09-03T19:00:00+00:00,219449.35,151896.9,2026-09-02,14.676414025251772,-8.566973861418903,123996.17,60,True,0.5,0.56,7674.9999,4.0,35,35,0.0,0.01514285714285715,1,2026-09-03T19:00:00+00:00,
2026-09-04,SPX,2026-09-04T19:00:00+00:00,151398.24,112923.47,2026-09-03,-31.009939195536475,-25.657817901484492,124117.68,70,True,-0.49,0.51,7749.9999,4.0,56,41,0.2678571428571429,0.017073170731707315,1,2026-09-04T19:00:00+00:00,
2026-09-08,SPX,2026-09-08T19:00:00+00:00,95339.48,77694.97,2026-09-04,-37.02735249762481,-31.19679195122148,124239.19,70,True,-0.54,0.54,7709.9999,4.0,58,43,0.2586206896551724,0.01883720930232559,1,2026-09-08T19:00:00+00:00,
2026-09-09,SPX,2026-09-09T19:00:00+00:00,85031.64,60832.89,2026-09-08,,-21.702923625557744,121930.215,60,True,-0.49,0.49,7684.9999,4.0,50,43,0.14,0.016511627906976745,1,2026-09-09T19:00:00+00:00,True
2026-09-10,SPX,2026-09-10T19:00:00+00:00,239864.53,180139.54,2026-09-09,,196.12194982023706,110200.16,60,True,-0.49,0.59,7649.9999,4.0,49,49,0.0,0.01979591836734694,1,2026-09-10T19:00:00+00:00,True
2026-09-11,SPX,2026-09-11T19:00:00+00:00,170184.74,157197.62,2026-09-10,-29.049643146487735,-12.735638161394224,112676.94,60,True,0.49,0.49,7619.9999,4.0,52,51,0.019230769230769273,0.019607843137254905,1,2026-09-11T19:00:00+00:00,
2026-09-14,SPX,2026-09-14T19:00:00+00:00,262851.1,206453.52,2026-09-11,54.45045190303195,31.333744111393024,115153.72,60,True,0.395,0.575,7624.9999,4.0,48,47,0.02083333333333337,0.016595744680851073,1,2026-09-14T19:00:00+00:00,
2026-09-15,SPX,2026-09-15T19:00:00+00:00,272230.08,210425.24,2026-09-14,3.568172246568513,1.923784104044346,117630.5,60,True,-0.52,0.52,7629.9999,4.0,48,48,0.0,0.017083333333333336,1,2026-09-15T19:00:00+00:00,
2026-09-16,SPX,2026-09-16T19:00:00+00:00,181505.9,115153.07,2026-09-15,-33.32628782241846,-45.27601821910717,117630.5,60,True,-0.285,0.47000000000000003,7584.9999,4.0,51,51,0.0,0.02,1,2026-09-16T19:00:00+00:00,
2026-09-17,SPX,2026-09-17T19:00:00+00:00,164033.63,125491.86,2026-09-16,-9.626282120856677,8.978301664037257,117630.5,60,True,0.475,0.475,7599.9999,4.0,48,48,0.0,0.012708333333333337,1,2026-09-17T19:00:00+00:00,
2026-09-18,SPX,2026-09-18T19:00:00+00:00,145635.51,74867.0,2026-09-17,-11.21606587624745,-40.341150414058724,117630.5,70,True,0.135,0.265,7639.9999,4.0,51,43,0.1568627450980392,0.012790697674418611,1,2026-09-18T19:00:00+00:00,
2026-09-21,SPX,2026-09-21T19:00:00+00:00,460707.25,335847.51,2026-09-18,216.34266258277256,348.59218347202375,117630.5,70,True,0.475,0.475,7674.9999,4.0,41,36,0.12195121951219512,0.02444444444444446,1,2026-09-21T19:00:00+00:00,
2026-09-22,SPX,2026-09-22T19:00:00+00:00,238844.9,183464.5,2026-09-21,-48.15690441164102,-45.372678213395126,117630.5,70,True,0.17500000000000004,0.17500000000000004,7764.9999,4.0,47,30,0.36170212765957444,0.024000000000000007,1,2026-09-22T19:00:00+00:00,
2026-09-23,SPX,2026-09-23T19:00:00+00:00,270163.02,166457.87,2026-09-22,13.112325195137098,-9.269711579079331,117630.5,60,True,-0.5,0.605,7764.9999,4.0,53,31,0.41509433962264153,0.01870967741935484,1,2026-09-23T19:00:00+00:00,
2026-09-24,SPX,2026-09-24T19:00:00+00:00,189777.76,101890.88,2026-09-23,-29.75435350108242,-38.788787817602135,117630.5,60,True,0.15500000000000003,0.47,7704.9999,4.0,53,35,0.339622641509434,0.04628571428571429,1,2026-09-24T19:00:00+00:00,
2026-09-25,SPX,2026-09-25T19:00:00+00:00,361112.77,219833.07,2026-09-24,90.28192239174916,115.7534315141846,117630.5,60,True,0.485,0.485,7694.9999,4.0,53,38,0.28301886792452835,0.025263157894736852,1,2026-09-25T19:00:00+00:00,
2026-09-28,SPX,2026-09-28T19:00:00+00:00,365941.02,241576.69,2026-09-25,1.3370477039623907,9.89096863360912,117630.5,60,True,-0.46499999999999997,0.46499999999999997,7724.9999,4.0,60,40,0.33333333333333337,0.019250000000000007,1,2026-09-28T19:00:00+00:00,
2026-09-29,SPX,2026-09-29T19:00:00+00:00,273587.26,248952.04,2026-09-28,-25.237334693989755,3.0530056521595794,117630.5,60,True,-0.07,0.22500000000000003,7679.9999,4.0,52,36,0.3076923076923077,0.0188888888888889,1,2026-09-29T19:00:00+00:00,
2026-09-30,SPX,2026-09-30T19:00:00+00:00,1367555.22,1085037.42,2026-09-29,399.8607098883186,335.841947710089,117630.5,60,True,0.13,0.13,7689.9999,4.0,56,47,0.1607142857142857,0.017872340425531926,1,2026-09-30T19:00:00+00:00,
2026-08-04,NDX,2026-08-04T19:00:00+00:00,14271.68,9205.21,2026-08-03,-65.4015517286521,-78.47301002660119,,400,True,0.16000000000000003,0.16000000000000003,28799.99,4.0,115,42,0.6347826086956522,0.06571428571428573,1,2026-08-04T19:00:00+00:00,
2026-08-05,NDX,2026-08-05T19:00:00+00:00,7007.75,5956.429999999999,2026-08-04,-50.89751171550931,-35.29283959844479,,400,True,0.039999999999999925,0.039999999999999925,29749.99,4.0,119,18,0.8487394957983193,0.06166666666666666,1,2026-08-05T19:00:00+00:00,
2026-08-06,NDX,2026-08-06T19:00:00+00:00,2374.11,2334.89,2026-08-05,-66.12165102921766,-60.80051305899674,,400,True,0.039999999999999925,0.039999999999999925,29459.99,4.0,117,42,0.641025641025641,0.051428571428571435,1,2026-08-06T19:00:00+00:00,
2026-08-07,NDX,2026-08-07T19:00:00+00:00,12071.11,11361.21,2026-08-06,408.44779727982274,386.5843787073481,,400,True,-0.040000000000000036,0.040000000000000036,29439.99,4.0,117,41,0.6495726495726496,0.06878048780487804,1,2026-08-07T19:00:00+00:00,
2026-08-10,NDX,2026-08-10T19:00:00+00:00,2830.64,14546.93,2026-08-07,-76.55029239233177,28.040323169803226,,362,True,0.09499999999999997,0.09499999999999997,29709.99,4.0,119,55,0.5378151260504201,0.08599999999999998,1,2026-08-10T19:00:00+00:00,
2026-08-11,NDX,2026-08-11T19:00:00+00:00,42819.62,42747.29,2026-08-10,1412.7186784614082,193.8578105483425,,400,True,0.06999999999999995,0.06999999999999995,29679.99,4.0,123,16,0.8699186991869918,0.114375,1,2026-08-11T19:00:00+00:00,
2026-08-12,NDX,2026-08-12T19:00:00+00:00,1044.78,1044.78,2026-08-11,-97.56004373695984,-97.55591524047489,,400,True,0.040000000000000036,0.040000000000000036,29579.99,4.0,119,13,0.8907563025210083,0.0630769230769231,1,2026-08-12T19:00:00+00:00,
2026-08-13,NDX,2026-08-13T19:00:00+00:00,1884.41,1882.62,2026-08-12,80.36428721836177,80.19295928329409,,400,True,0.475,0.475,28709.99,4.0,119,28,0.7647058823529411,0.0457142857142857,1,2026-08-13T19:00:00+00:00,
2026-08-14,NDX,2026-08-14T19:00:00+00:00,7157.65,7097.29,2026-08-13,279.8350677400353,276.99004578725396,,400,True,-0.020000000000000018,0.020000000000000018,30099.99,4.0,121,53,0.5619834710743802,0.06075471698113207,1,2026-08-14T19:00:00+00:00,
2026-08-17,NDX,2026-08-17T19:00:00+00:00,3018.89,5988.34,2026-08-14,-57.8228887973008,-15.624977984554667,1800.4470000000001,362,True,0.07499999999999996,0.07499999999999996,30119.99,4.0,121,15,0.8760330578512396,0.06533333333333331,1,2026-08-17T19:00:00+00:00,
2026-08-18,NDX,2026-08-18T19:00:00+00:00,17185.79,17185.79,2026-08-17,469.27513092560514,186.9875457973328,1884.41,400,True,-0.22999999999999998,0.22999999999999998,30009.99,4.0,119,21,0.8235294117647058,0.2723809523809524,1,2026-08-18T19:00:00+00:00,
2026-08-19,NDX,2026-08-19T19:00:00+00:00,571.78,546.21,2026-08-18,-96.6729489886703,-96.82173470058693,1933.38,400,True,-0.05500000000000005,0.05500000000000005,29539.99,4.0,117,9,0.9230769230769231,0.26222222222222225,1,2026-08-19T19:00:00+00:00,
2026-08-20,NDX,2026-08-20T19:00:00+00:00,2901.1,2896.69,2026-08-19,,430.32533274747806,1212.7060000000001,400,True,-0.12,0.12,29609.99,4.0,119,32,0.73109243697479,0.043437500000000004,1,2026-08-20T19:00:00+00:00,True
2026-08-21,NDX,2026-08-21T19:00:00+00:00,838.74,838.74,2026-08-20,-71.08889731481163,-71.0448822621682,1296.669,400,True,0.19999999999999996,0.19999999999999996,29149.99,4.0,117,15,0.8717948717948718,0.5166666666666665,1,2026-08-21T19:00:00+00:00,
2026-08-24,NDX,2026-08-24T19:00:00+00:00,29.0,129.0,2026-08-21,,-84.61978682309179,921.1560000000001,338,True,-0.14,0.14,29349.99,4.0,117,18,0.8461538461538461,0.3655555555555555,1,2026-08-24T19:00:00+00:00,True
2026-08-25,NDX,2026-08-25T19:00:00+00:00,380.7,380.7,2026-08-24,,195.11627906976744,705.26,400,True,0.09000000000000008,0.09000000000000008,29029.99,4.0,117,5,0.9572649572649573,0.366,1,2026-08-25T19:00:00+00:00,True
2026-08-26,NDX,2026-08-26T19:00:00+00:00,40.0,40.0,2026-08-25,,-89.49303913842921,495.348,400,True,0.22999999999999998,0.22999999999999998,29069.99,4.0,117,3,0.9743589743589743,0.98,1,2026-08-26T19:00:00+00:00,True
2026-08-27,NDX,2026-08-27T19:00:00+00:00,2255.5,2255.5,2026-08-26,,5538.75,278.49000000000007,400,True,-0.33499999999999996,0.33499999999999996,30179.99,4.0,119,2,0.9831932773109243,0.30000000000000004,1,2026-08-27T19:00:00+00:00,True
2026-08-28,NDX,2026-08-28T19:00:00+00:00,10.11,8.11,2026-08-27,-99.55176235867879,-99.64043449346043,312.56,400,True,0.010000000000000009,0.010000000000000009,29589.99,4.0,119,6,0.9495798319327731,0.365,1,2026-08-28T19:00:00+00:00,
2026-08-31,NDX,2026-08-31T19:00:00+00:00,1016.2,1052.16,2026-08-28,,12873.612823674477,38.9,400,True,-0.31,0.31,29489.99,4.0,117,50,0.5726495726495726,0.0388,1,2026-08-31T19:00:00+00:00,True
2026-09-01,NDX,2026-09-01T19:00:00+00:00,1051.6999999999998,1047.5,2026-08-31,3.4934068096831083,-0.4428984184914886,40.0,420,True,-0.030000000000000027,0.030000000000000027,29469.99,4.0,117,24,0.7948717948717949,0.08124999999999999,1,2026-09-01T19:00:00+00:00,
2026-09-02,NDX,2026-09-02T19:00:00+00:00,2.96,2.96,2026-09-01,-99.71855091756204,-99.71742243436753,74.07000000000002,400,True,-0.09499999999999997,0.09499999999999997,29139.99,4.0,117,4,0.9658119658119658,0.4675,1,2026-09-02T19:00:00+00:00,
2026-09-03,NDX,2026-09-03T19:00:00+00:00,1137.38,1107.38,2026-09-02,,37311.48648648649,31.200000000000003,400,True,0.19999999999999996,0.19999999999999996,29099.99,4.0,117,8,0.9316239316239316,0.07499999999999998,1,2026-09-03T19:00:00+00:00,True
2026-09-04,NDX,2026-09-04T19:00:00+00:00,31.62,31.62,2026-09-03,-97.21992649774042,-97.14461160577218,32.300000000000004,400,True,0.020000000000000018,0.020000000000000018,29519.99,4.0,119,7,0.9411764705882353,0.07571428571428572,1,2026-09-04T19:00:00+00:00,
2026-09-08,NDX,2026-09-08T19:00:00+00:00,1002.25,992.25,2026-09-04,3069.671094244149,3038.045540796964,30.048000000000002,400,True,0.06000000000000005,0.06000000000000005,29689.99,4.0,119,15,0.8739495798319328,0.06800000000000002,1,2026-09-08T19:00:00+00:00,
2026-09-09,NDX,2026-09-09T19:00:00+00:00,16137.28,16137.28,2026-09-08,1510.1052631578948,1526.332073570169,30.310000000000002,400,True,-0.015000000000000013,0.015000000000000013,29559.99,4.0,119,3,0.9747899159663865,0.16,1,2026-09-09T19:00:00+00:00,
2026-09-10,NDX,2026-09-10T19:00:00+00:00,2.35,2.35,2026-09-09,-99.98543744670725,-99.98543744670725,30.572,400,True,-0.14500000000000002,0.14500000000000002,29509.99,4.0,117,0,1.0,,1,2026-09-10T19:00:00+00:00,
2026-09-11,NDX,2026-09-11T19:00:00+00:00,4636.94,4596.28,2026-09-10,,195486.38297872338,23.333000000000002,400,True,-0.11499999999999999,0.11499999999999999,29209.99,4.0,117,21,0.8205128205128205,0.027619047619047633,1,2026-09-11T19:00:00+00:00,True
2026-09-14,NDX,2026-09-14T19:00:00+00:00,13126.45,22126.32,2026-09-11,183.08431853765632,381.39625958383743,25.222000000000005,400,True,0.015000000000000013,0.015000000000000013,29019.99,4.0,117,28,0.7606837606837606,0.027142857142857146,1,2026-09-14T19:00:00+00:00,
2026-09-15,NDX,2026-09-15T19:00:00+00:00,8363.29,6389.69,2026-09-14,-36.28673403700162,-71.1217681024228,27.111000000000008,400,True,-0.28,0.28,29329.99,4.0,117,56,0.5213675213675213,0.024107142857142848,1,2026-09-15T19:00:00+00:00,
2026-09-16,NDX,2026-09-16T19:00:00+00:00,127.42,124.42,2026-09-15,-98.4764369046153,-98.05280068360123,27.111000000000008,400,True,0.09499999999999997,0.09499999999999997,28829.99,4.0,115,2,0.9826086956521739,0.5700000000000001,1,2026-09-16T19:00:00+00:00,
2026-09-17,NDX,2026-09-17T19:00:00+00:00,1565.69,1440.93,2026-09-16,1128.7631455030607,1058.1176659701014,27.111000000000008,400,True,0.0,0.0,29189.99,4.0,117,17,0.8547008547008547,0.03470588235294118,1,2026-09-17T19:00:00+00:00,
2026-09-18,NDX,2026-09-18T19:00:00+00:00,36801.9,36218.58,2026-09-17,2250.522772707241,2413.555828527409,27.111000000000008,400,True,0.09499999999999997,0.09499999999999997,29439.99,4.0,117,36,0.6923076923076923,0.02944444444444444,1,2026-09-18T19:00:00+00:00,
2026-09-21,NDX,2026-09-21T19:00:00+00:00,862.3100000000001,1130.04,2026-09-18,-97.6568872802763,-96.87994394037536,27.111000000000008,400,True,-0.020000000000000018,0.020000000000000018,29829.99,4.0,119,24,0.7983193277310925,0.031249999999999997,1,2026-09-21T19:00:00+00:00,
2026-09-22,NDX,2026-09-22T19:00:00+00:00,14005.81,13942.24,2026-09-21,1524.219828136053,1133.78287494248,27.111000000000008,400,True,-0.05500000000000005,0.05500000000000005,30579.99,4.0,123,22,0.8211382113821138,0.0881818181818182,1,2026-09-22T19:00:00+00:00,
2026-09-23,NDX,2026-09-23T19:00:00+00:00,1466.57,1333.27,2026-09-22,-89.52884552910542,-90.43718943297489,27.111000000000008,400,True,-0.030000000000000027,0.030000000000000027,30739.99,4.0,123,8,0.9349593495934959,0.0325,1,2026-09-23T19:00:00+00:00,
2026-09-24,NDX,2026-09-24T19:00:00+00:00,591.42,555.92,2026-09-23,-59.673251191555806,-58.30401944092345,27.111000000000008,400,True,-0.03500000000000003,0.03500000000000003,30459.99,4.0,121,8,0.9338842975206612,0.05625000000000001,1,2026-09-24T19:00:00+00:00,
2026-09-25,NDX,2026-09-25T19:00:00+00:00,1902.3,1816.5,2026-09-24,221.6495891244801,226.7556482947187,27.111000000000008,400,True,0.13,0.13,30439.99,4.0,123,30,0.7560975609756098,0.07166666666666667,1,2026-09-25T19:00:00+00:00,
2026-09-28,NDX,2026-09-28T19:00:00+00:00,4067.57,5376.68,2026-09-25,113.82379225148505,195.99119185246354,27.111000000000008,400,True,-0.22499999999999998,0.22499999999999998,30529.99,4.0,121,27,0.7768595041322314,0.052222222222222225,1,2026-09-28T19:00:00+00:00,
2026-09-29,NDX,2026-09-29T19:00:00+00:00,1117.87,1038.99,2026-09-28,-72.51749816229346,-80.67599336393462,27.111000000000008,400,True,-0.08499999999999996,0.08499999999999996,30249.99,4.0,121,11,0.9090909090909091,0.07272727272727274,1,2026-09-29T19:00:00+00:00,
2026-09-30,NDX,2026-09-30T19:00:00+00:00,4981951.75,4725728.62,2026-09-29,445564.6792560853,454738.7010462084,27.111000000000008,420,True,-0.07499999999999996,0.07499999999999996,30399.99,4.0,121,80,0.33884297520661155,0.047624999999999994,1,2026-09-30T19:00:00+00:00,
2026-08-04,DJI,2026-08-04T19:00:00+00:00,1259.29,1253.73,2026-08-03,-66.10410829114146,-57.69670712326271,,70,True,0.33499999999999996,0.33499999999999996,53185.0,4.0,70,63,0.09999999999999998,0.3315873015873016,1,2026-08-04T19:00:00+00:00,
2026-08-05,DJI,2026-08-05T19:00:00+00:00,1892.02,1826.98,2026-08-04,50.24497931374028,45.72356089429144,,70,True,0.245,0.245,54100.0,4.0,70,61,0.12857142857142856,0.539672131147541,1,2026-08-05T19:00:00+00:00,
2026-08-06,DJI,2026-08-06T19:00:00+00:00,3054.14,1651.7,2026-08-05,61.422183697846734,-9.593974756154966,,70,True,-0.13,0.35,54325.0,4.0,70,38,0.4571428571428572,0.2902631578947368,1,2026-08-06T19:00:00+00:00,
2026-08-07,DJI,2026-08-07T19:00:00+00:00,1203.21,625.24,2026-08-06,-60.603967074200916,-62.145668099533815,,60,True,0.040000000000000036,0.21499999999999997,53895.0,4.0,60,31,0.4833333333333333,0.19677419354838704,1,2026-08-07T19:00:00+00:00,
2026-08-10,DJI,2026-08-10T19:00:00+00:00,936.03,844.89,2026-08-07,-22.205600019946647,35.13050988420445,,60,True,-0.05500000000000005,0.10000000000000009,54020.0,4.0,60,17,0.7166666666666667,0.07647058823529414,1,2026-08-10T19:00:00+00:00,
2026-08-11,DJI,2026-08-11T19:00:00+00:00,966.94,454.39,2026-08-10,3.302244586177805,-46.21903443051758,,60,True,0.015000000000000013,0.020000000000000018,53970.0,4.0,60,19,0.6833333333333333,0.7736842105263159,1,2026-08-11T19:00:00+00:00,
2026-08-12,DJI,2026-08-12T19:00:00+00:00,428.93,365.58,2026-08-11,-55.64047407284837,-19.544884350447855,,60,True,0.22999999999999998,0.22999999999999998,53785.0,4.0,60,23,0.6166666666666667,0.052608695652173944,1,2026-08-12T19:00:00+00:00,
2026-08-13,DJI,2026-08-13T19:00:00+00:00,394.99,384.04,2026-08-12,-7.912713030098151,5.049510367087917,,70,True,0.10999999999999999,0.10999999999999999,53770.0,4.0,70,19,0.7285714285714286,0.06157894736842107,1,2026-08-13T19:00:00+00:00,
2026-08-14,DJI,2026-08-14T19:00:00+00:00,316.65,307.65,2026-08-13,-19.83341350413935,-19.891157171128015,,60,True,-0.21999999999999997,0.21999999999999997,53835.0,4.0,60,20,0.6666666666666667,0.05600000000000001,1,2026-08-14T19:00:00+00:00,
2026-08-17,DJI,2026-08-17T19:00:00+00:00,357.75,347.83,2026-08-14,,13.060295790671228,387.156,70,True,-0.385,0.385,53735.0,2.0,70,24,0.6571428571428571,0.1391666666666667,1,2026-08-17T19:00:00+00:00,True
2026-08-18,DJI,2026-08-18T19:00:00+00:00,366.01,366.01,2026-08-17,2.308874912648484,5.2266911997240095,357.75,60,True,-0.21999999999999997,0.21999999999999997,53475.0,4.0,60,13,0.7833333333333333,0.13307692307692312,1,2026-08-18T19:00:00+00:00,
2026-08-19,DJI,2026-08-19T19:00:00+00:00,248.93,131.86,2026-08-18,-31.988197043796617,-63.9736619218054,358.576,60,True,0.30000000000000004,0.30000000000000004,53360.0,4.0,60,7,0.8833333333333333,0.18714285714285714,1,2026-08-19T19:00:00+00:00,
2026-08-20,DJI,2026-08-20T19:00:00+00:00,2580.99,2541.43,2026-08-19,,1827.3699378128313,324.87,80,True,-0.45,0.45,53465.0,4.0,80,76,0.050000000000000044,0.12223684210526314,1,2026-08-20T19:00:00+00:00,True
2026-08-21,DJI,2026-08-21T19:00:00+00:00,792.98,692.98,2026-08-20,-69.276130477065,-72.73267412441027,328.97999999999996,110,True,0.44999999999999996,0.44999999999999996,52775.0,4.0,110,80,0.2727272727272727,0.10687499999999998,1,2026-08-21T19:00:00+00:00,
2026-08-24,DJI,2026-08-24T19:00:00+00:00,47.5,35.46,2026-08-21,-94.00993719892053,-94.88296920546048,333.09,60,True,0.43999999999999995,0.44499999999999995,53265.0,4.0,60,1,0.9833333333333333,0.19,1,2026-08-24T19:00:00+00:00,
2026-08-25,DJI,2026-08-25T19:00:00+00:00,278.47,278.47,2026-08-24,,685.3073886068811,282.78999999999996,60,True,0.040000000000000036,0.040000000000000036,53410.0,4.0,60,22,0.6333333333333333,0.7872727272727275,1,2026-08-25T19:00:00+00:00,True
2026-08-26,DJI,2026-08-26T19:00:00+00:00,54.0,51.0,2026-08-25,-80.60832405645132,-81.68563938664848,266.654,60,True,-0.315,0.315,53570.0,4.0,60,22,0.6333333333333333,0.16499999999999995,1,2026-08-26T19:00:00+00:00,
2026-08-27,DJI,2026-08-27T19:00:00+00:00,358.88,334.82,2026-08-26,,556.5098039215686,190.45100000000002,70,True,0.32000000000000006,0.32000000000000006,53480.0,4.0,70,15,0.7857142857142857,0.35066666666666674,1,2026-08-27T19:00:00+00:00,True
2026-08-28,DJI,2026-08-28T19:00:00+00:00,687.74,646.31,2026-08-27,91.63508693713777,93.03207693686157,209.94400000000002,70,True,0.1449999999999999,0.1449999999999999,53495.0,4.0,70,57,0.18571428571428572,0.10052631578947369,1,2026-08-28T19:00:00+00:00,
2026-08-31,DJI,2026-08-31T19:00:00+00:00,1498.4,1304.49,2026-08-28,117.87303341379013,101.83657996936458,229.43700000000004,70,True,-0.475,0.475,53600.0,4.0,70,34,0.5142857142857142,0.21529411764705883,1,2026-08-31T19:00:00+00:00,
2026-09-01,DJI,2026-09-01T19:00:00+00:00,350.0,350.0,2026-08-31,-76.64175120128137,-73.16959118122791,248.93,60,True,-0.46,0.46,53195.0,4.0,60,5,0.9166666666666666,0.08,1,2026-09-01T19:00:00+00:00,
2026-09-02,DJI,2026-09-02T19:00:00+00:00,342.0,342.0,2026-09-01,-2.285714285714291,-2.285714285714291,251.88400000000001,60,True,0.42500000000000004,0.44000000000000006,52790.0,4.0,60,27,0.55,0.08148148148148143,1,2026-09-02T19:00:00+00:00,
2026-09-03,DJI,2026-09-03T19:00:00+00:00,1637.78,1623.0,2026-09-02,378.8830409356725,374.56140350877195,254.83800000000002,90,True,0.45999999999999996,0.48,53065.0,4.0,90,90,0.0,0.05188888888888889,1,2026-09-03T19:00:00+00:00,
2026-09-04,DJI,2026-09-04T19:00:00+00:00,360.16,360.16,2026-09-03,-78.00925643248789,-77.80899568699938,257.79200000000003,60,True,0.0,0.18499999999999994,53550.0,4.0,60,8,0.8666666666666667,0.41375,1,2026-09-04T19:00:00+00:00,
2026-09-08,DJI,2026-09-08T19:00:00+00:00,290.0,290.0,2026-09-04,-19.480231008440697,-19.480231008440697,260.74600000000004,60,True,-0.46,0.46,53405.0,4.0,60,4,0.9333333333333333,0.052500000000000005,1,2026-09-08T19:00:00+00:00,
2026-09-09,DJI,2026-09-09T19:00:00+00:00,350.76,300.76,2026-09-08,20.951724137931027,3.7103448275862094,263.70000000000005,60,True,-0.46,0.46,52775.0,4.0,60,2,0.9666666666666667,0.525,1,2026-09-09T19:00:00+00:00,
2026-09-10,DJI,2026-09-10T19:00:00+00:00,1326.66,1240.66,2026-09-09,278.22442695860417,312.5083122755686,266.654,70,True,-0.45,0.45,52555.0,4.0,70,23,0.6714285714285715,0.07608695652173916,1,2026-09-10T19:00:00+00:00,
2026-09-11,DJI,2026-09-11T19:00:00+00:00,281.97,277.97,2026-09-10,-78.74587309483967,-77.59498976351297,269.608,17,True,,,,,17,5,0.7058823529411764,0.10199999999999995,1,2026-09-11T19:00:00+00:00,
2026-09-14,DJI,2026-09-14T19:00:00+00:00,4602.79,3034.75,2026-09-11,1532.3686917047912,991.7545058819296,272.562,37,True,0.18999999999999995,0.2649999999999999,52350.0,4.0,37,34,0.08108108108108103,0.04029411764705882,1,2026-09-14T19:00:00+00:00,
2026-09-15,DJI,2026-09-15T19:00:00+00:00,3609.22,3084.59,2026-09-14,-21.586255292985346,1.642309910206774,275.516,37,True,-0.495,0.495,52550.0,4.0,37,32,0.1351351351351351,0.016875,1,2026-09-15T19:00:00+00:00,
2026-09-16,DJI,2026-09-16T19:00:00+00:00,18705.55,15637.66,2026-09-15,418.27126082643895,406.9607305995286,275.516,57,True,-0.505,0.535,52225.0,4.0,43,43,0.0,0.02093023255813953,1,2026-09-16T19:00:00+00:00,
2026-09-17,DJI,2026-09-17T19:00:00+00:00,56304.09,53745.74,2026-09-16,201.002055539666,243.69426116183624,275.516,57,True,0.475,0.475,51550.0,4.0,57,54,0.052631578947368474,0.01833333333333334,1,2026-09-17T19:00:00+00:00,
2026-09-18,DJI,2026-09-18T19:00:00+00:00,47783.89,44785.92,2026-09-17,-15.132470838264144,-16.670753812302152,275.516,57,True,-0.03500000000000003,0.37000000000000005,51725.0,4.0,57,49,0.14035087719298245,0.017346938775510207,1,2026-09-18T19:00:00+00:00,
2026-09-21,DJI,2026-09-21T19:00:00+00:00,6927.24,4101.5,2026-09-18,-85.50298018851123,-90.84198783903513,275.516,57,True,0.495,0.495,51050.0,4.0,56,35,0.375,0.021142857142857147,1,2026-09-21T19:00:00+00:00,
2026-09-22,DJI,2026-09-22T19:00:00+00:00,110604.03,38354.49,2026-09-21,1496.6536456077745,835.1332439351456,275.516,57,True,-0.425,0.7749999999999999,52000.0,4.0,57,56,0.01754385964912286,0.01553571428571429,1,2026-09-22T19:00:00+00:00,
2026-09-23,DJI,2026-09-23T19:00:00+00:00,5530.070000000001,4463.52,2026-09-22,-95.0001188925937,-88.3624576940014,275.516,57,True,-0.485,0.5700000000000001,51875.0,4.0,52,32,0.3846153846153846,0.020937499999999998,1,2026-09-23T19:00:00+00:00,
2026-09-24,DJI,2026-09-24T19:00:00+00:00,5762.7,3928.71,2026-09-23,4.206637529000523,-11.981799118184755,275.516,57,True,-0.32999999999999996,0.32999999999999996,51475.0,4.0,57,46,0.19298245614035092,0.01978260869565218,1,2026-09-24T19:00:00+00:00,
2026-09-25,DJI,2026-09-25T19:00:00+00:00,6254.74,5287.58,2026-09-24,8.538358755444486,34.58819816173757,275.516,57,True,0.495,0.495,51325.0,4.0,55,40,0.2727272727272727,0.017750000000000002,1,2026-09-25T19:00:00+00:00,
2026-09-28,DJI,2026-09-28T19:00:00+00:00,8433.08,5255.1,2026-09-25,34.82702718258472,-0.6142696658962943,275.516,37,True,-0.535,0.535,51825.0,4.0,37,37,0.0,0.02243243243243244,1,2026-09-28T19:00:00+00:00,
2026-09-29,DJI,2026-09-29T19:00:00+00:00,63482.4,61994.37,2026-09-28,652.7783443297111,1079.699149397728,275.516,57,True,-0.38,0.49,51475.0,4.0,57,39,0.3157894736842105,0.02153846153846153,1,2026-09-29T19:00:00+00:00,
2026-09-30,DJI,2026-09-30T19:00:00+00:00,146682.62,64017.26,2026-09-29,131.06029387672802,3.26302210991094,275.516,57,True,-0.495,0.505,51525.0,4.0,57,49,0.14035087719298245,0.01489795918367347,1,2026-09-30T19:00:00+00:00,
